tV995837,207,BBTLPN07T43I489R,31012.22,103388.23,0,0
co112997,286,PGFGNI22S47E878P,23513.45,68337.37,0,0
KR910501,1068,SRNZRA97M26B195M,37309.61,60407.01,0,0
Dp752391,194,MRLRRA02C27L888S,21617.31,154859.04,0,0
Qs637803,725,BTTLNE12P14I844T,19753.89,162634.71,0,0
aI451523,968,NCHMRN42S13C052M,23268.73,64206.46,0,0
bD060463,702,ZRLMND68T21D436S,26925.49,150811.91,0,0
yu363595,673,PLCLSE05A12C928Z,29943.41,59248.78,0,0
XN507608,538,CRPNNI18E41F697D,10945.74,194382.62,0,0
PQ193294,397,MLPMBT73R71A210B,10954.38,187398.29,0,0
of225929,962,MDGLSE44M03I155X,45371.43,180053.69,0,0
Ct779098,21,MRRPLA16T50D562L,49712.77,163364.97,0,0
Mm570486,183,CRFRTR05E46D611G,34696.58,164292.3,0,0
Yf816774,296,BBBCRI88A57B446U,43541.45,149010.68,0,0
sn623722,495,GRNRSL14L03L013X,38867.38,179045.4,0,0
nO423589,2,TDSFLV95H53L155N,12957.75,182971.2,0,0
Tl519480,927,FDRRMN45L51B999R,45759.75,191850.5,0,0
jM558274,1012,MLNCRL84P45E520D,29713.36,194779.21,0,0
aW776807,45,BCCGNE85A12H860X,35616.92,198215.47,0,0
yM087648,532,RBBVNC64E62M267B,6247.14,199754.38,0,0
Ua519335,1111,PZZLCU30S68C489P,11801.95,183196.41,0,0
Be641918,54,GLZSTN18S28B527M,48876.58,139490.07,0,0
Pa383066,230,TZZNTA95P14H723F,10369.56,172453.19,0,0
cf448188,726,TRCVNN69T62F565U,49339.2,196422.26,0,0
kl662302,1096,CNNNTT62A23G475Q,43054.06,193362.01,0,0
Wx718192,290,NRBPRI85H42A569C,30643.87,162699.18,0,0
AY709126,309,DDUMLN55T30A447R,48766.71,72799.24,0,0
mR964665,423,SRNLCN35T70F483L,6965.2,110101.88,0,0
WV626101,22,CNNNTT62A23G475Q,9521.5,119225.39,0,0
qw964992,91,PNITZN84C68I891X,35146.36,161779.13,0,0
AK157155,237,BNVFST16P59D949N,16108.06,91451.04,0,0
RY237051,256,CCRVNN86S21E114S,19153.08,141563.9,0,0
ax808967,547,SMTSNO37D27H514E,40826.77,72620.65,0,0
hg270945,340,GNZGVN72D04C815U,14350.95,147069.21,0,0
kD420204,323,BNNMLN63S20E949P,34606.84,127542.24,0,0
hL257603,695,CRFRTR05E46D611G,46365.05,67370.96,0,0
Jn777679,908,DNTNTN02T19A254C,13881.05,65633.19,0,0
Bc160849,555,BRRSNO02E19G833Q,33316.36,153968.83,0,0
OI004683,920,TBLFBZ43B25F943J,11441.11,160119.59,0,0
Mh809725,428,GNSBRN71L57E069I,16452.16,95887.88,0,0
ni405247,728,BTNLNR63B24F200X,9788.66,167131.97,0,0
pm475372,132,BRGLBT56B49E939Z,26345.92,88010.12,0,0
ak093372,404,LBLFRN89H05I084P,11552.82,115769.59,0,0
RF112903,483,TSSNNL76B48A514B,18029.75,127334.19,0,0
cY205780,542,RSLRSR50A41I953F,6421.18,160222.16,0,0
KG028766,75,FNTMRS43D02A218X,24569.35,89938.69,0,0
hF448006,122,VRGPRD25S70L239I,26229.29,122463.74,0,0
Jn875792,834,LFNNZE90C64H203Z,36846.09,89207.08,0,0
XL707137,740,PLMDMN04P68F904E,13239.26,137620.24,0,0
rH671688,410,BTAPRI02S59D317Q,45395.69,178182.35,0,0
gT041205,272,PRDLDA39C65D309M,15376.02,69052.98,0,0
Ch402952,466,CBBPMN86A63H573V,10228.48,126187.85,0,0
xw344115,36,GRNBRR25P51I242O,8283.51,112487.73,0,0
tP142303,855,RGGLRI93L24A085N,6597.27,106962.81,0,0
mH874415,936,CNTFRC67L57E965J,8633.82,164233.13,0,0
Yg629950,1109,FDRGSR05M64H683F,29117.49,97268.21,0,0
kS794698,160,FRCRTI91B08D815V,24539.21,159148.53,0,0
DN145486,1039,TRVNTN11R63D095Z,38443.72,117816.62,0,0
lP220259,591,VSNLCN09D28D258R,11070.43,156658.98,0,0
Uz099661,761,CLIFLP27S24D132B,45777.41,91715.17,0,0
Xy877460,1073,BCCBNT86T42E307T,31305.1,62669.12,0,0
Gd232898,632,CMBRMN88S47M065B,44280.91,58785.94,0,0
pL086551,312,GRGFMM60P16C661J,29238.92,105643.23,0,0
Uu634731,93,TRVSRN80R03B368R,16726.27,95119.88,0,0
bA149454,343,DNZLND53M16I199J,22529.12,137061.52,0,0
rI266900,83,GRGFMM60P16C661J,15830.36,136397.19,0,0
eV915408,1046,MTTCTN38E30F507N,10624.04,174212.22,0,0
CP061307,1057,GRSBLD03L41E877H,40949.78,154314.76,0,0
kC493574,402,MFFNTN34T03L952U,49258.25,91047.14,0,0
mE154071,641,CSRLCU14P43H675X,44475.64,133037.86,0,0
JQ672056,1192,GZZDMA93P59D021N,15129.34,173239.88,0,0
zY827523,489,MLSRST13H50D641H,42405.49,181938.26,0,0
DS360396,1186,PRTMLN41C26F677J,15282.88,193714.97,0,0
xk238573,17,PGLBLD24L47D938X,39735.62,122184.13,0,0
PS396027,910,BJRLNI49R06D133G,36875.06,94729.9,0,0
tN450687,324,CSNMLS57R30E370Y,30439.25,161265.23,0,0
ut848710,480,VVLPRN12S59A101H,39196.29,139634.73,0,0
YR440769,550,FSNMRH96H04C055W,27953.8,138967.92,0,0
nV284576,918,PSTRRA37T07L564O,23703.49,79415.75,0,0
Dk496735,1071,GBBSTL51C25M169C,38829.16,157085.84,0,0
Jv325918,88,GVNVNN58A28G628N,5069.2,111693.95,0,0
xo128142,1187,PZZGLR21P63F839S,19946.06,197870.5,0,0
sg760354,1115,VRGMRL05D60I873E,29224.46,125975.29,0,0
Kn021481,245,MDRLND07T23L470S,10947.85,118073.52,0,0
tw043140,437,CMNFDG44M62C560P,13014.41,164614.0,0,0
mN780589,225,MNNVTR83P13F751H,12859.84,95264.87,0,0
un560535,835,LGNRSN61M42A834Q,17250.38,93676.9,0,0
bY805509,875,FLLLND79H62I409Y,18049.58,163033.06,0,0
KG991994,429,MCHVTI00C70B877I,38754.9,105030.55,0,0
by901269,516,VTTZEI83S70H013N,33881.15,124365.89,0,0
EK361459,1050,TGLGLI86H04L386E,23254.92,63996.65,0,0
XA525353,1066,LCCGNR05M41G007C,39234.11,68214.63,0,0
TX476836,873,RCCLLN17P24H266T,32219.48,116041.23,0,0
QG071620,1150,GLTLCU09R12I462Y,16517.42,56470.46,0,0
OD472528,824,BSNRRA17T28A452U,25508.96,59830.25,0,0
Ll846227,820,GRBNTL61A43D068X,39339.77,50963.66,0,0
ic735384,263,DROFLP57P19A490T,43440.6,140954.56,0,0
LR374410,118,DNSSTN98C08E154S,39995.73,158792.83,0,0
Gl263960,1197,MRSMCL08M05H495X,49285.83,171973.8,0,0
Tq800248,478,MNCGNE44H24G906T,36267.78,113488.92,0,0
Yg954846,233,MEOGLN66A27D038T,26959.11,149442.52,0,0
eK966435,1175,BNNGNN73M22D905Y,20969.26,112450.49,0,0
jh031923,625,MNRPRG38R60A552R,6446.94,106549.99,0,0
JU585456,259,LNTPRG37H62F914I,38647.25,177934.92,0,0
MD910872,603,CNINNR01S26C342G,46254.39,198897.56,0,0
qy515003,909,GLGSNT68A58L799W,16947.49,151040.47,0,0
XG080279,1184,DSSPSL41B49C210P,8868.11,79770.95,0,0
zh260869,1191,PDVLNI19A28C553J,21072.32,78777.16,0,0
jK495738,176,TRTLSN46E26B161Z,32574.98,165946.49,0,0
LY958187,704,CRVNPN63A41D895Y,45870.85,92853.2,0,0
Hx279400,137,SMMNTL56L22C745Q,39583.33,179571.57,0,0
kN832751,775,DROFLP57P19A490T,11952.25,88524.23,0,0
fy283969,664,NTNLVI54A26A902T,9490.23,134804.2,0,0
zG413170,809,FLRDNI46S69A713M,34350.28,127873.22,0,0
Yk695622,86,CSLNTA23C21G311F,5648.1,135158.28,0,0
yJ510749,43,MGLLMR37P58B676X,33713.81,172251.77,0,0
dm931013,1101,GLTLNI13E02F148U,23236.31,174902.01,0,0
Wp703127,648,LNCMLN87S11C269U,40890.26,100819.91,0,0
mE300044,209,BNVFST16P59D949N,7094.59,198148.94,0,0
tW445386,445,PZZLCU30S68C489P,10840.84,140065.95,0,0
VG308634,948,BRDFRN89T05A438G,24482.95,110208.05,0,0
Cr073637,261,MRNNTL85C59B629F,15177.08,196942.31,0,0
LS493276,717,MRLRMN78T51G488R,28660.35,111453.4,0,0
Bg227391,254,MLDLRT49H15E504T,6439.28,106875.36,0,0
vj794623,339,CRCNRC90H61G837J,30525.35,80931.09,0,0
yt823356,442,FNTVRC37E27G114Z,46859.0,120284.76,0,0
cd763882,48,RRCGNL48T47D732R,20983.34,101644.64,0,0
my407161,537,CNVRFL10S69E919Z,20832.3,186995.08,0,0
Rm212158,882,CSTBNC59R24G859W,22938.33,99900.12,0,0
Cq701737,121,PLZTNF47T69B905R,40758.03,108473.24,0,0
jQ847812,210,SBBNNS00C08C573O,40026.51,117201.21,0,0
hd867819,195,ZNIMRA99M68B364P,49492.38,169426.43,0,0
qi991288,346,SCTRML01M63A710W,27758.16,99193.08,0,0
ML567127,326,MGLLMR37P58B676X,42959.74,158507.42,0,0
Th922611,884,ZBRBRL65D65C430J,40221.01,185288.24,0,0
zD075970,810,BLBRMN01S65D145I,48094.79,190226.09,0,0
yG217061,618,RROLND46R08M015J,45904.39,69689.07,0,0
RP791352,1035,MRRPLA16T50D562L,34677.59,131175.46,0,0
DG214189,652,VLTRGR88E54I873T,26310.76,71192.6,0,0
TQ799482,671,PGFGNI22S47E878P,28512.67,88198.3,0,0
tL382748,686,PRZCRN27B50G105Z,38365.52,135863.31,0,0
sF138373,193,MPSCSN53D57C801I,21378.78,119136.07,0,0
Ac326834,719,RMNNTL31S27F516V,5118.05,51114.87,0,0
TN543457,304,BNTRSR68M28L401Z,39362.42,94220.76,0,0
yb536196,684,MNCGNE44H24G906T,43046.73,61461.68,0,0
Pa086728,777,VRDVEA68T31L132T,13432.39,83947.04,0,0
XY407086,993,BRCPLN89A12A645R,22999.42,58945.93,0,0
OD153822,1099,GGLSBT66M65D553S,38631.6,99205.19,0,0
Pv978155,816,MRNNTN03H69C621G,26334.9,165338.88,0,0
cy083645,479,TRSTTE97R05L689C,40903.72,118322.35,0,0
iI917706,60,LZUPLA45S30F118P,26884.48,153268.17,0,0
Lr494654,387,BRGLBT56B49E939Z,23362.94,52255.46,0,0
tC026274,985,CLGSNO82L07M122O,13063.82,163176.67,0,0
Jv233576,65,GLTMRN24A57I759A,43201.93,59883.92,0,0
sk731686,780,CNNNTT62A23G475Q,5903.34,86728.11,0,0
IX168639,813,SPSSBN53H49E311K,34888.83,57702.18,0,0
YW550301,1153,BDNLNA27C14D835P,18600.21,59502.31,0,0
VV522018,622,RTCPRC28L09M083T,19129.36,177600.66,0,0
Du611291,1172,PRDRSN39H22F562I,8803.36,144383.08,0,0
gG114765,167,BNLGNL39P69E563A,8655.32,89946.42,0,0
PO015467,864,MNTGSR49B63H258R,31209.49,72000.37,0,0
nN756162,1174,FRRNTN00L42H591R,33700.47,80240.99,0,0
Id610604,444,CMMLVI75A54A357A,36720.5,89521.42,0,0
fZ215909,1064,SLNCML43R12L883P,39645.62,112998.31,0,0
WC073087,769,GROSRN16C27E675V,15886.93,98549.93,0,0
xf823982,589,VCLFLV86T57L444K,6515.73,189203.22,0,0
gF507004,362,SDRPLA96D28A975I,47081.07,65896.53,0,0
FT220278,1120,BDNGRG72H62A424G,13852.19,152512.16,0,0
fY528082,1135,CREMRA74H08A551W,25080.7,100090.23,0,0
lZ947762,322,RNSGNC04H64L741A,49122.61,144447.51,0,0
tK859754,949,GRMNTA16C01C596X,29315.97,127919.53,0,0
gC043514,857,VSPLGN95L13F267L,12539.05,139084.43,0,0
Qq938432,71,PCCDNI38M27D373N,47181.69,62178.36,0,0
SZ857761,707,BNGMTT42E70E244T,44868.05,74711.84,0,0
hD686501,368,FRRLLR10E09F851Z,12453.77,52238.34,0,0
vv334835,278,GZZLRA52T24F675G,14625.76,92303.95,0,0
Wc183299,455,GBRSLS35S42I240L,36294.6,110175.2,0,0
fS722070,815,MRSRND07R57H659R,34744.24,57151.32,0,0
kK578071,1010,SBRRMI09C25E305O,29467.31,133406.46,0,0
rU458630,333,DSSVNN88H54C420H,34232.16,162953.97,0,0
LT975737,1159,ZTIMRC15T61F614I,29126.31,52392.87,0,0
Sc154818,1074,CRFRRA47S17L837A,29048.62,174235.64,0,0
Do126968,862,CMCLLR08B16L535P,46493.36,99981.95,0,0
vS112237,997,FDRRMN45L51B999R,34185.61,59670.93,0,0
qd961534,348,MRCGMM70L04C418H,7404.29,79068.73,0,0
aU113901,212,FRRNTN00L42H591R,48320.64,114855.1,0,0
QI658949,528,CHTFRN35D27G299B,47720.09,149939.56,0,0
DJ329704,1078,CRELBT98C46D462H,21948.51,99883.85,0,0
wb826682,380,CNTMRA79T07F009G,27146.89,158425.2,0,0
Iv816311,1015,CREGNC86P67B978C,49230.24,64418.83,0,0
dw577425,697,RSSGCN14S52H480J,18509.5,149560.22,0,0
FH413999,1000,PZZMRS04B28L335T,6381.59,175301.47,0,0
Ts093269,1080,TRTFMM80D21L024B,24944.78,123845.1,0,0
mb464949,443,RNSGNC04H64L741A,11432.83,79358.86,0,0
FM266022,130,PZZGLR21P63F839S,17808.12,129475.57,0,0
bP156584,610,PCCDNI38M27D373N,42340.67,130473.1,0,0
DB529952,748,MTTCTN38E30F507N,43184.0,110137.91,0,0
il026142,38,FRMVTR71D41G556M,18063.64,176596.01,0,0
Pa566847,460,MRSRND07R57H659R,12275.81,58119.43,0,0
zo423152,202,SCHPRD70R49C459O,13407.06,144632.54,0,0
Uq601587,869,SGRCCL80A06E209F,42515.99,112555.49,0,0
qe525232,1017,MCHTNN29C63G110Z,11878.9,154351.74,0,0
Eu287784,1121,RSSMRN78C17B176M,35243.26,50533.48,0,0
PS548595,139,TRNSYV29P15I991B,13947.58,158860.82,0,0
hv757284,731,GLTLCU09R12I462Y,43650.71,151403.37,0,0
PY170633,1164,CFRLLD78E64G934U,9543.6,199111.07,0,0
in303073,913,GBBMRC58M61F078L,15547.52,178134.89,0,0
vn550233,911,FSNPRN67R27A058F,29226.47,60871.45,0,0
rO916416,156,SRNPRG24S54I056M,45247.72,122863.86,0,0
la332278,375,SNNNCL28P45A028Z,41712.76,139070.13,0,0
Go167809,880,PZZGLR21P63F839S,9907.79,100278.95,0,0
ua979952,1122,LPRRFL69S51L377V,9812.16,108148.79,0,0
pr814805,951,TRNMRA96H65G534J,10816.12,82562.85,0,0
IN155148,101,PLLVIO86B43E374F,43301.12,83032.76,0,0
tL424108,458,BTTCTN72M05C803K,38003.29,108823.2,0,0
Nk544670,179,PRTLCU52R30E426X,35720.35,175708.36,0,0
ZV821070,325,VSPRSN50R15F275I,16936.59,176873.0,0,0
Ta801186,381,FLRDNI46S69A713M,33581.93,56296.73,0,0
Hl268003,64,MNDLND69D62C478V,32244.58,131895.15,0,0
XQ237919,518,VVNBTN12R03B597G,11627.46,95650.8,0,0
GW723676,588,GLLGRM77P62F023F,27429.9,177913.58,0,0
bg952396,124,GLTDLA56H09D234U,33189.21,196100.83,0,0
au473245,617,MLPTTN47R61E156C,31911.2,191883.83,0,0
xD625304,180,PCLSNN77E50L014R,37974.58,94478.0,0,0
ja410389,812,PLMLNA79E19A435P,9096.66,109428.99,0,0
Yr503074,331,CLRMSM63S58E734R,48876.28,115767.1,0,0
SS418065,266,RZZNCL88H42C207G,8511.7,140583.76,0,0
li937953,944,TRCVNN69T62F565U,49498.59,72491.42,0,0
NM636869,189,RSSGCN14S52H480J,15677.7,174929.21,0,0
CB045667,1053,BSSJCP42P50A703Z,11187.41,149837.89,0,0
EH922865,1190,NNTCRL19S19I071X,16099.73,52138.52,0,0
Sz782800,1043,PGLBLD24L47D938X,48484.18,137262.11,0,0
LA267757,9,PTRDNL93P19D630F,47716.88,76412.01,0,0
WO447305,1070,VRNRBT30S65B828G,18069.48,84760.24,0,0
Mb533097,6,CMSPLM86B16H839V,33713.42,71715.12,0,0
Kr937521,1,SCLRMN63D44B637K,43110.83,82009.0,0,0
qj419418,501,MLDGGL95L44C316G,7970.83,131595.04,0,0
ix440725,983,MLPMBT73R71A210B,40941.82,75562.36,0,0
Go119412,265,TSTMRD14A13G365K,19119.65,85939.48,0,0
jq718409,830,CREGNC86P67B978C,6525.24,182477.86,0,0
yg261697,1106,SMRPRG34M55D677U,19586.12,97072.3,0,0
aq051572,1198,PLZTNF47T69B905R,35476.41,165604.82,0,0
Fq907553,709,RROLND46R08M015J,43501.91,154725.79,0,0
fP767727,200,SNSSVN02C44G961C,22356.25,150728.83,0,0
Dg673357,419,CNVFLR20B25G209C,8369.1,58434.2,0,0
EV203115,946,MRNBRR41L63E507M,30617.62,70534.26,0,0
BN801139,943,BLLGLN68H49A584D,5513.27,110118.7,0,0
Qe387737,1028,VRDRSL30E16I798D,40836.9,133812.33,0,0
YN429079,1051,LCCGNR05M41G007C,28993.7,93789.57,0,0
bv415201,465,BVLSTN50S24G957Z,38951.81,101626.83,0,0
kx027099,341,NGGVEA41D05D767O,19313.32,63242.54,0,0
Tq273933,336,GLDGSN60R43C958P,31878.16,113121.36,0,0
kW936808,1048,MNRBNC88B12C091D,40151.51,177935.08,0,0
bW443277,1143,FRRGRL46A10H779D,13394.98,51742.13,0,0
yV021163,222,MCCVRN92R25D472H,18912.74,160082.54,0,0
tO887956,721,PLLLCU03L58F116D,17427.64,86149.75,0,0
Zz733033,941,MLNCRL84P45E520D,34381.84,100453.19,0,0
Me267156,587,BRCDRT73H63M364G,21024.63,166388.78,0,0
xO594286,68,RZZMRN80D08H010O,24145.33,170601.29,0,0
SV695472,693,FDRDNT66S45C205G,32441.72,80956.13,0,0
wh954331,1155,BNVDMN51P50F806P,12644.39,73166.21,0,0
Ar792575,292,TPLRAI90H02H665N,31616.21,146100.52,0,0
jw059766,564,BRCLRI18T31D871Z,20460.1,75883.93,0,0
fP140046,796,RNSSRN57A10D105H,23969.78,67591.72,0,0
Db002824,1170,LGNRSN61M42A834Q,17459.09,144124.14,0,0
jB657538,15,DTTMLI90R69A780Q,30936.64,139641.88,0,0
Fk387716,109,VNTLRN12T16B377D,37152.86,195794.92,0,0
jt315874,539,SLGMLI24D52A472F,32214.32,137041.8,0,0
yb648820,508,LFNNZE90C64H203Z,5281.64,168112.14,0,0
PQ225368,565,TMBCNT13L04C141L,27371.28,155465.04,0,0
SF325425,737,DDUBNT31R60L990B,45683.96,139155.52,0,0
Jv270700,525,RNDPRR50M46I635B,13232.72,97861.22,0,0
dG623498,141,PRZCRN27B50G105Z,34784.84,137598.25,0,0
pS222156,659,SRGSBL62E29H280N,16682.4,58746.84,0,0
Te795155,128,GRNBRR25P51I242O,30510.64,145287.78,0,0
tr946002,986,RRGVNN87M62A947J,30252.61,183297.92,0,0
Qo689553,1162,DRGPRI15P69H868A,13328.29,123611.07,0,0
wp392141,599,PLCSRN16M29A746L,49049.47,52345.92,0,0
hV911640,1044,VRNRRA01D15B086Q,39971.99,113744.83,0,0
BW088293,134,VLTRGR88E54I873T,43825.86,105355.4,0,0
Hp708117,507,JVRRTI04L18L986R,42719.64,132064.39,0,0
Hk718737,637,TPLSTN25S21B250K,40455.61,104515.5,0,0
oD483039,1003,TNCDIA97L20L751S,8309.22,115303.45,0,0
FE634864,608,PLLVIO86B43E374F,41624.24,90925.45,0,0
RB463373,510,SLNCML43R12L883P,5263.08,190550.87,0,0
GC955349,1105,FRNBNC59S21H400W,26747.34,198844.08,0,0
uM884186,253,SLNSNR28C29D469W,42458.99,99445.94,0,0
yG626653,405,VSPRSN50R15F275I,9775.61,156151.67,0,0
pR306488,57,GLDGSN60R43C958P,24554.17,142034.23,0,0
aT559634,502,NNSBRC27R09H964K,45469.76,61660.31,0,0
lU144500,389,FNTSVR88T55A150U,45354.95,66754.22,0,0
nW478567,567,VLLGDU02S41F153Q,18166.54,192400.24,0,0
yZ059854,818,MNDLND69D62C478V,26576.23,112108.16,0,0
nl962340,393,MNNFLP06T04C917Q,12990.31,128662.01,0,0
Db015283,492,SRNLCN35T70F483L,28045.28,183690.21,0,0
jh334227,596,JVNGNN63H54I202M,37042.24,63169.03,0,0
zI224770,980,BRMPSL76S65B640S,23017.84,122371.11,0,0
Rz676207,329,BJRPPZ01L61I592D,32762.23,114793.78,0,0
QI527743,1005,MRNNTL85C59B629F,28582.92,67294.84,0,0
Rp412918,646,BRNLDN85T69B227C,37538.43,60016.63,0,0
th041409,770,LGHVEA67E11B873T,11478.43,78577.79,0,0
Wl128503,171,RTCPRC28L09M083T,7973.88,171762.6,0,0
CX555309,258,FGGMNC31B25E022Z,42509.32,53028.97,0,0
lq363376,924,BTTLNE12P14I844T,27447.45,70767.46,0,0
yb347850,590,FRCLNI04L18H781F,22378.3,153668.35,0,0
VY118399,656,GNZGVN72D04C815U,24350.59,127925.48,0,0
tH409258,961,RSSGCN14S52H480J,48033.21,67270.62,0,0
mt182957,1029,VTTLSI87P28A424O,23254.08,190687.55,0,0
KC959413,223,BTAPRI02S59D317Q,23221.3,97722.16,0,0
ZZ571433,159,CMLNTT08H13H607K,49730.55,175657.7,0,0
AL842856,650,PCNDNT04R66D977T,30194.59,143446.35,0,0
zV186944,685,CNTRSL58P06F587Y,25705.47,112349.52,0,0
xu943121,1189,VRGMRL05D60I873E,49074.86,119856.25,0,0
wI003182,413,VZZGLN97T41G378K,49069.2,109603.0,0,0
kl221145,378,TRBGSR18R53I562W,24563.24,182439.2,0,0
jf983145,297,TZZRMN18A65G583Q,31172.19,117065.05,0,0
mq975973,764,CNTMRA81A10F863I,31330.47,106513.07,0,0
ml256657,1063,NNCCSN43L52D638B,32692.19,77892.75,0,0
DK217459,390,GGLLSI54L11C240M,11287.19,66963.19,0,0
mr309085,1022,LMGPLN44R11L961T,11645.38,146268.55,0,0
pO809799,620,GRZGSR26H45L625U,35819.64,195215.7,0,0
nV546612,752,SPDGUO30T49A465O,46934.6,95480.05,0,0
zr716417,663,LPUFRZ90P54I743R,45951.57,75111.26,0,0
vE764859,874,BTTRCT52B58G277S,35130.32,70898.14,0,0
no127180,39,MNCLVR76L29L238G,36189.23,70574.02,0,0
vN665993,150,MLPMLS19T02F206P,11613.84,104787.87,0,0
bv090281,900,NCLDRT71H59M416Y,10390.51,103069.07,0,0
Ys874256,529,PNCFLP68C57M082R,38978.56,90521.96,0,0
iW785381,1146,RZZLND96H09E500R,31160.92,126241.12,0,0
Pq679811,976,MRNPRR16E56L589B,16708.63,100947.23,0,0
el873252,436,LBNBLD42A60H262X,25304.83,92181.9,0,0
dL062242,894,NCHLCZ87A02B620B,40661.81,67393.71,0,0
kH373446,242,CRSRSL63T21D527N,24754.26,141033.48,0,0
eV736470,979,RRCFBZ56A05D464Q,10455.64,96122.76,0,0
ev147071,843,CNTFRC67L57E965J,7912.47,103515.07,0,0
Bi629540,70,MRNNTL85C59B629F,47174.33,192757.86,0,0
aj618924,288,MRLRMN78T51G488R,13026.54,111055.88,0,0
zq360242,18,GSTDMA38S44I376P,22662.41,95944.12,0,0
Rn956359,474,FLRDNI46S69A713M,29947.05,112023.6,0,0
pj805928,192,TRVBNT84B57E799V,15867.15,59040.19,0,0
AA132680,490,TBLFBZ43B25F943J,47668.59,54637.35,0,0
ki043598,26,PTRGLT97D12I289M,47039.72,180303.53,0,0
Is436878,865,FLPRGR99H46L100Y,43259.18,189476.86,0,0
Si374605,1114,FLLNNI31S56I032W,29746.48,66045.31,0,0
af822300,74,CRDSIA12R16L494A,19650.49,184376.51,0,0
dh030688,439,VCLLCI98P20M396O,49812.68,85920.81,0,0
kD916717,359,BRRLCN68E71F201Z,10119.24,126680.35,0,0
lh950797,1076,BCLPMN61L63L923W,45934.42,81159.18,0,0
Dy649686,800,MRLRMN78T51G488R,44642.47,133902.96,0,0
eC443010,688,TCCLLR87C12I196S,18408.52,171463.79,0,0
DJ671866,825,RGGLRI93L24A085N,9939.13,130830.83,0,0
ho830970,1009,MRNNTL85C59B629F,38512.62,110930.7,0,0
VW521589,1093,MNDSNT81S41L682O,46835.08,171871.44,0,0
Xv194202,597,SQRFLR77L13B476A,26646.45,127496.49,0,0
rA102623,218,BTAPRI02S59D317Q,12908.05,126974.14,0,0
fu168619,607,FOXCLD76P15L513D,22253.72,144401.43,0,0
gB355956,852,BRGLBT56B49E939Z,44621.69,154253.64,0,0
NG470289,66,CFRLLD78E64G934U,32928.85,157841.58,0,0
YU658427,969,GLTRNT58D16L944D,48608.12,138063.61,0,0
FN134404,1021,MLDGGL95L44C316G,18067.2,171436.37,0,0
LP297243,1060,VNTVRN03S17B043W,38139.65,133206.24,0,0
rb750507,236,PCNDNT04R66D977T,12126.85,128138.77,0,0
xg784797,255,BTTSTL71T08H881F,47796.11,108041.43,0,0
fO984803,103,DSCMRT01M08L848F,26636.16,168578.21,0,0
Il304858,20,CSNMLS57R30E370Y,15668.94,75148.07,0,0
EF103007,392,BTNLNR63B24F200X,12537.93,106113.14,0,0
QY333112,268,GRSMTD33B20G242C,22210.5,93095.35,0,0
nN959712,306,VNLRMD11L56E668E,18387.59,55535.9,0,0
ra188057,850,CNLGCM80D67A756B,39074.03,122863.86,0,0
OB971127,452,MLNCML70D01G242U,41774.92,166448.88,0,0
Mq228210,662,MNCPRI53A50A374J,46044.4,66611.19,0,0
NC797332,342,PSTTTN98B01H785Z,31064.66,75284.23,0,0
CX234092,154,CNDPTZ88P15F397F,43134.66,175839.87,0,0
Sa621231,177,GNTSYV68P28L983R,10279.97,130393.7,0,0
Ji594920,975,RROLND46R08M015J,27402.88,65579.19,0,0
Cj237248,1151,GLZSTN18S28B527M,38781.55,190028.62,0,0
Ps863192,514,ZBRMLT62P41G286V,44339.36,58404.72,0,0
QS406929,106,CLLVNS32D29E147N,6943.75,87025.99,0,0
VE382295,876,VRSLRA70D21G429S,16047.5,185379.72,0,0
Vs428980,1123,PZZFBA50R20E817R,39532.31,113216.37,0,0
kF660628,163,GLTLCU09R12I462Y,40595.3,137501.12,0,0
tw866985,127,CNTRSL58P06F587Y,29998.25,171869.75,0,0
Jr436756,921,SRRRNL33A26E531D,12552.65,186688.83,0,0
oP962982,606,TNZPRD32B48G205C,23431.1,118875.37,0,0
Jf320281,287,CMBRMN88S47M065B,25065.5,79815.54,0,0
Bu222421,535,DTTMLI90R69A780Q,36505.29,145207.65,0,0
NR877461,804,SLRLGN43M16F407R,12746.23,118303.52,0,0
bu243545,803,PGLSRN64T27H738U,5229.44,163927.41,0,0
Js852008,1127,SCLRMN63D44B637K,18471.63,88199.98,0,0
xp147975,868,NSGTLL07P51E227B,9973.7,120963.35,0,0
LA512435,1128,VRNRRA01D15B086Q,41494.68,51202.27,0,0
QV748078,689,CTRLCN93L51L835K,24675.01,74262.58,0,0
om958353,833,JVNGNN63H54I202M,27989.2,186538.25,0,0
FA324974,706,MZZSLT93C47C901Y,37761.36,63328.6,0,0
hE742294,566,BJRPPZ01L61I592D,40040.66,197166.75,0,0
mz076429,766,CSSDNL60L59D300V,31954.24,145004.71,0,0
kc955766,360,FFRLSS66M53L671V,30060.07,129499.29,0,0
yn465482,388,BRDFRN89T05A438G,38379.59,187206.42,0,0
xI712968,753,SPSPTZ36S57D175H,49597.08,153568.59,0,0
gI125795,1100,SMTSNO37D27H514E,9769.91,139064.35,0,0
nr798617,965,LBRFRN53S63L596Y,33762.34,195512.89,0,0
gn819449,694,SRNNTL97S06B632K,39028.75,169170.2,0,0
Fh485201,624,RSNDMN92H67I073K,23784.99,146015.01,0,0
Wz067907,494,GGLSBT66M65D553S,39792.37,179672.86,0,0
Mh445460,294,RCCRNR90A49B297S,7918.16,128134.17,0,0
Ss272605,433,VCLFBZ87A63A113Q,33179.73,102907.05,0,0
wa254369,357,GRSBLD03L41E877H,25370.57,185581.02,0,0
AK622148,934,MNTSNR07D29E700E,21445.04,195001.36,0,0
YZ657359,1183,BNCDRA39C25H658H,38797.58,98944.21,0,0
oT570600,1025,MRNBRR41L63E507M,29314.68,190911.49,0,0
mK469864,1077,BRGNTN15S22A192G,49676.82,161764.13,0,0
bI476030,998,MDGLSE44M03I155X,5497.4,181727.97,0,0
Gj834453,327,DSSPSL41B49C210P,14995.6,123889.99,0,0
pj936322,557,LNFFRC99M11A049Q,33245.51,177030.66,0,0
tJ636285,609,SPSPTZ36S57D175H,40181.78,121639.12,0,0
Io874310,923,PRDDMC97C66H198J,29500.11,60665.57,0,0
Lq932284,51,MSTCLC45D51G412B,16438.25,61306.41,0,0
AU524344,162,RCCFRC75C50G808D,48765.28,80083.6,0,0
NG037912,640,BLLMRA63P10H779G,12826.94,117033.99,0,0
Zy871123,767,MCHVTI00C70B877I,46065.36,146837.11,0,0
uI667069,262,BRNTZN20E28F608K,49925.28,157306.93,0,0
tP509381,967,GZZLRA52T24F675G,5477.63,161740.68,0,0
wi212958,554,CVLFDC43T02L050P,23332.76,60236.79,0,0
JZ367469,394,PDRSBL77S14B718X,42608.41,138122.5,0,0
mt526529,585,NDRDRA92T10B076B,42823.96,198703.33,0,0
oE768132,172,SPSMCL18P05A778E,13692.54,98503.91,0,0
Mw775286,372,LGNLCU12M46M351Z,21639.42,127240.39,0,0
ie259563,111,TRMSTN65R26A762L,27331.99,177426.54,0,0
ou846051,407,PTRGLT97D12I289M,49427.83,68737.03,0,0
fP730877,417,LGRMRL70D62H304D,13175.41,194160.68,0,0
jd038208,879,FNTLCZ99M29L892O,41312.44,72222.96,0,0
QS796335,846,CMCLLR08B16L535P,45506.58,169318.08,0,0
Pq996196,863,CBCNGN09B04A762V,43281.97,119705.02,0,0
Kj409420,1014,GBBMRC58M61F078L,12212.79,122783.54,0,0
gi657254,786,PNCGCB90P54B138Q,39920.5,57200.08,0,0
Pb698210,1171,MNCFLP51L26E645B,44435.01,111492.11,0,0
bu549157,853,GNNGFR09L55L248Z,22268.41,84694.38,0,0
Hj660331,497,SGNRMN27D68F011H,30139.34,91557.83,0,0
kD004578,885,GRZMRD16R18H271B,18565.91,85131.8,0,0
OZ834844,353,BSNRRA17T28A452U,26833.37,145437.06,0,0
qi152358,933,STRGRG33R17D796J,20207.0,86394.4,0,0
ne782614,901,NSGGDU32S67L506N,17472.79,163651.86,0,0
UI724109,373,GLNCRT22S01E715Z,28686.61,131932.25,0,0
sM581489,117,BZOMLA78R04D568F,19209.54,54648.39,0,0
CK473664,246,CBBPMN86A63H573V,27645.62,119179.11,0,0
OQ882200,62,MLPTTN47R61E156C,33026.9,67040.21,0,0
Zp331630,142,VZZGLN97T41G378K,38898.06,111430.84,0,0
OG342686,94,SNNNCL28P45A028Z,9375.09,194886.73,0,0
qd982333,219,ZGRSNO65P19A902E,42440.72,130196.24,0,0
BA681787,250,PZZLME91P60G407S,42465.34,62409.89,0,0
rR690371,427,VRRRNT95D41I615J,31188.17,98391.05,0,0
th109211,530,LDBGBL53D41L889G,38562.12,185580.13,0,0
rv516182,655,CRVDLA94E29C553T,39925.45,155210.96,0,0
Tp680817,283,CMSFRN66C57L827W,48164.48,97428.87,0,0
xR685544,112,TRTSNO78C05C331W,48785.14,180904.94,0,0
iz149965,831,FRCLNI04L18H781F,5473.18,112707.13,0,0
js239010,293,MNNVTR83P13F751H,45422.05,61015.27,0,0
kI528431,891,TRVTLC95C51I205Y,23115.56,118568.79,0,0
ET847886,898,CRVNPN63A41D895Y,17789.2,143740.31,0,0
hc253896,990,TPLSTN25S21B250K,36064.29,163276.67,0,0
vh862598,110,CRCVCR97E19F326C,10606.15,124688.98,0,0
YL880408,805,BRZCLD54T20I486T,17189.3,159012.86,0,0
Pd126645,691,TRSLSU42S17A552U,20495.26,195883.57,0,0
fD200806,1199,PLLVIO86B43E374F,47838.33,114826.79,0,0
ff382517,31,GNSPRL54C53E001J,32349.4,173914.65,0,0
iR911000,984,SLASTN05M04B759Q,15481.87,110381.74,0,0
jy431161,639,MRZNNT67R10B905V,48520.52,145886.45,0,0
Bx779941,196,RMNRLD13B60I110G,16579.96,53762.27,0,0
ga917085,477,PLZTNF47T69B905R,22137.65,92003.99,0,0
Wt107337,115,VRNRBT30S65B828G,42850.41,143129.92,0,0
KZ554760,700,VGRGRL56E23F453I,41265.66,81559.77,0,0
Ao496677,1094,NCLMRA40A47G682H,44605.91,169647.27,0,0
qB159907,881,PLMMRC01C47H434G,28392.83,73524.46,0,0
DK876695,34,MRGGCB52A55L004N,40874.66,173342.37,0,0
FS475878,302,FDRRMN45L51B999R,15416.35,140830.75,0,0
yx786339,584,GRSGSP64L13L416O,6595.04,77893.17,0,0
IQ700373,627,CHGDNT83L42E441R,7519.18,63628.02,0,0
nP645601,33,FBNVCR74A22C508K,22483.43,70786.11,0,0
dD290562,98,BNNMLN63S20E949P,36651.74,135118.78,0,0
VW785832,248,TRPSBT22M47E500F,5573.69,187634.83,0,0
VL286603,914,CLGSNO82L07M122O,20491.3,73082.93,0,0
bi027633,1024,TMBGLI54E69F551Q,32474.74,146600.86,0,0
KJ865738,251,GNNSNN72C57F324M,10744.84,190301.53,0,0
Ak784097,257,VSCTNN33H62M209F,49568.39,196711.19,0,0
rQ561181,281,GBRSLS35S42I240L,9049.1,69821.83,0,0
jY201836,660,CMSFRN66C57L827W,48681.21,138370.94,0,0
dK855155,367,CLLFBZ82A47L466E,25157.01,175394.76,0,0
uc759901,395,MNDSNT81S41L682O,35274.71,75370.51,0,0
wI668856,992,NNSNTN82E42E422O,16186.83,127624.45,0,0
Se418183,1119,SPLNDD54A10H647N,34896.31,198478.68,0,0
LJ127341,1182,BRCDRT73H63M364G,26971.9,54625.72,0,0
Tg814433,453,MNGNNS23T30B681R,36228.66,75699.58,0,0
wP590147,848,MNTFBZ47R48B948L,34706.18,174194.22,0,0
sk102317,1001,MLSRNL44R03H808G,36614.89,199573.43,0,0
Ux779634,366,MCHLSE32P22I493M,30142.29,58281.08,0,0
uX775554,447,GLVMRT63H12G806A,19370.34,54758.85,0,0
RN445012,888,LGNLCU12M46M351Z,36972.32,99553.82,0,0
PA227752,1036,PZZRZO83M42D594G,46926.65,95658.26,0,0
oz242210,614,VLLGDU02S41F153Q,43214.02,57298.13,0,0
OV475251,164,SLTSLO27M29H070M,40800.07,187870.54,0,0
na289629,1061,FDRRMN45L51B999R,47783.77,144596.07,0,0
Fc865300,788,TMSGTN94R42I917E,25485.34,71222.05,0,0
Ur630330,1108,PLLVIO86B43E374F,27119.18,50804.36,0,0
Fp705263,1027,GRBNTL61A43D068X,43291.95,124589.55,0,0
lf698830,1169,CRTRGR13A44D742B,21534.15,94568.47,0,0
wo922446,821,TRVLNR44P25G435V,37798.14,87191.18,0,0
IK256002,842,MNDRFL99L43A653V,27158.06,146222.22,0,0
Wd120932,792,SLMNNT67T12H367Q,21727.09,115486.1,0,0
ei795202,1136,TMBGLI54E69F551Q,30427.58,107746.43,0,0
XR431449,314,DNTPTZ98R23F495O,37694.48,154568.86,0,0
mR705225,594,NNSBRC27R09H964K,28233.2,153101.45,0,0
DB955466,1158,RGNCTN04A24A239F,45503.36,137406.55,0,0
Vx711810,866,CTLMTT14L56H702A,29857.56,195440.38,0,0
UC358426,123,MRPBNT33T41F358M,48630.98,183223.54,0,0
kj341998,1137,CRCNTN64C58L555B,29361.22,81789.26,0,0
No937039,430,MZZRCT32T64E977M,23259.4,112879.93,0,0
hm879937,808,RCCFRC75C50G808D,26638.44,192677.04,0,0
Tq465040,500,RNDPRR50M46I635B,8295.99,125671.62,0,0
xR829998,730,PSQLRT29H09F441F,7400.05,137116.79,0,0
iF563696,682,VLRNTL93T20L049P,37742.33,145633.35,0,0
Hr752388,679,MRNNTL85C59B629F,31766.49,135094.36,0,0
Sn660534,1157,RTCPRC28L09M083T,10297.13,55533.06,0,0
Bn553352,1138,SNSSVN02C44G961C,43957.11,71318.46,0,0
xl475440,605,FSNLSE61P28B790Q,19357.73,115935.64,0,0
za157578,657,CRSDLM97M48H850Y,27537.62,198327.59,0,0
tn798770,166,SBLGNR44P53E239R,5840.74,85398.89,0,0
RP154564,1086,CRCMRA83R10G449P,19170.7,121485.39,0,0
QO037403,205,FSNLSE61P28B790Q,8287.55,173470.55,0,0
vn247656,861,CGUDNT50S52G576P,48949.28,55767.62,0,0
PZ465362,1020,BCLPMN61L63L923W,27537.91,157986.38,0,0
Ut663071,320,LNCMCL69M60D574B,41117.63,187279.73,0,0
yR196908,739,BRRLCN68E71F201Z,34476.57,125972.82,0,0
jl028502,227,GLTMRN24A57I759A,38719.26,68416.0,0,0
ib855608,1052,GZZDMA93P59D021N,19650.88,178461.98,0,0
TR808793,328,BLLNCI11B58B049P,30293.71,119734.54,0,0
wb645545,338,NTNGBL59A22C633D,47935.51,123769.87,0,0
GT579522,131,RGGLRI93L24A085N,9893.5,139549.28,0,0
Ws149781,867,TSTGNZ46M67I519O,45604.52,64394.03,0,0
WV167333,1047,MSTCLC45D51G412B,39821.92,165829.95,0,0
dv617920,964,BRMPSL76S65B640S,14796.62,141015.39,0,0
mG675895,973,NDEMRD16H27B511I,19274.45,52425.72,0,0
qO539810,473,GBBSTL51C25M169C,8248.9,185552.71,0,0
bF048011,872,RSTMRC20R53C241U,49726.7,122932.29,0,0
Mo655144,289,MNTRMR76R47G870A,32235.13,183502.0,0,0
FG019868,747,PCLSNN77E50L014R,6242.75,149005.81,0,0
Xh076423,279,CNTFRC67L57E965J,36776.18,80138.93,0,0
Lg023896,681,BBBCRI88A57B446U,10403.59,180839.61,0,0
iO337994,13,NTRLDA53C61E010V,48453.04,109124.62,0,0
Ig173763,32,BRCDRN56B56H704O,36086.47,61124.87,0,0
es330579,754,MLPMLS19T02F206P,28201.74,94243.77,0,0
tx806053,1185,ZBRBRL65D65C430J,41692.31,105592.85,0,0
sz721489,757,BTTGDI88H14H958E,34932.94,195701.75,0,0
qx970106,298,TRMLSU09B09D255T,46259.25,115570.47,0,0
UQ481602,844,CRNFRN24L50M119R,23495.15,188421.28,0,0
ES861072,966,VSPGFR44L42I480P,44519.93,156080.44,0,0
WM351496,469,TRMSTN65R26A762L,20985.56,89509.49,0,0
hf149424,1139,SLRLGN43M16F407R,10006.84,143244.35,0,0
UV909989,1103,MRTMCL89D46D428I,7756.05,117674.96,0,0
YO863486,186,RSLRSR50A41I953F,29841.62,108684.34,0,0
Zb761079,870,NNSNTN82E42E422O,25687.05,76100.25,0,0
Dm394360,956,SRMNCL91L67I172P,21235.04,126587.17,0,0
pU658355,349,TDSGVN62B63H975G,20899.84,165348.27,0,0
RE367652,847,MLDLRT49H15E504T,48940.95,85518.94,0,0
th819559,562,GNNMRN57C02L444O,13351.59,181064.78,0,0
Ie418523,406,VRGLVI37L07D117X,42173.52,111049.75,0,0
va318500,69,PSNLDC55R69M281J,23606.53,189504.84,0,0
Xr318688,114,SMRPRG34M55D677U,30161.89,129550.36,0,0
hD596588,756,GRGFMM60P16C661J,19486.65,68885.87,0,0
OQ112816,797,DROFLP57P19A490T,42834.43,67813.76,0,0
Wi768100,917,MNCLVR76L29L238G,32249.7,166018.38,0,0
md202995,204,GNVSTN88P08G015X,40120.71,158592.37,0,0
jt809431,531,CPNGRG14C19B238P,40672.35,193949.89,0,0
tU939894,56,CNVRFL10S69E919Z,34799.22,51222.21,0,0
BA420391,238,RCCLPD55R46B037V,37999.61,66439.53,0,0
ZB608610,996,TMBGLI54E69F551Q,29394.11,182145.44,0,0
SX211034,593,RNLRMN63E61D672G,26775.87,138254.64,0,0
uq260383,1097,CBBTNO73A56F371P,48197.08,62732.24,0,0
cq633006,267,MCHTNN29C63G110Z,32976.16,149830.34,0,0
Dl823981,915,CRSCML42T48L562S,42642.5,156677.37,0,0
Dz107972,1089,SMMNTL56L22C745Q,17616.41,119253.68,0,0
Sq657271,72,GBBLND99C48M431C,15016.07,138957.46,0,0
BL586716,140,CPNGRG14C19B238P,25698.13,127155.47,0,0
AQ212917,940,VLLPNI44H14M002W,20161.74,196309.92,0,0
bz198798,377,BCLPMN61L63L923W,15451.95,90877.38,0,0
bc820268,400,QRNCRL21L56L469L,31939.24,81102.99,0,0
xE705573,203,GRGFMM60P16C661J,10977.9,94562.2,0,0
Nl703697,523,FNTSLV13M27H712X,37016.73,52582.98,0,0
yh183374,670,CFRLLD78E64G934U,33971.97,75178.77,0,0
uL710316,1030,MNTGSR49B63H258R,18217.05,89592.16,0,0
Of817113,229,BTTLNE12P14I844T,39439.53,85439.27,0,0
PU824490,1110,CPPFRN27L05F793M,10991.89,126016.04,0,0
My114455,854,CCEPLT11M14B525I,20478.9,118007.21,0,0
yu036854,772,BRZCLD54T20I486T,41768.94,68765.61,0,0
sb580731,184,SCHVNI05M55G217V,28001.62,58301.18,0,0
zl386815,14,GLGSNT68A58L799W,7286.33,86128.83,0,0
cO966688,29,LNTPRG37H62F914I,46053.3,114301.01,0,0
eM893847,170,LNGLSU36H19L933N,8791.09,196155.6,0,0
yd344027,533,RGHGCN95A48A058A,32148.42,97989.27,0,0
Dk622946,548,RNRNNT15C27M096R,33081.67,78365.93,0,0
Mx179729,819,PSTRFL05A21F271Y,43994.33,124522.05,0,0
ns785532,877,PSCBRL14C55F929S,13683.66,101118.13,0,0
HX846311,1008,MNCLTZ47T29I969N,15877.75,183451.83,0,0
bu178332,838,PGLBLD24L47D938X,33708.97,184923.48,0,0
dt046231,457,GBRDNT43L50I536X,28514.16,72083.14,0,0
NP418890,168,BCCMRT97T22I484Z,38209.19,191712.69,0,0
Su580622,683,JVRRTI04L18L986R,24158.9,176512.81,0,0
UR223914,382,CRCTNI50P20F655B,37890.21,156499.03,0,0
Lc310885,1196,PSQLRT29H09F441F,36657.35,148562.82,0,0
sg130318,1200,SRDLLR71D05B399O,26830.93,187023.11,0,0
nX547241,549,PSQLRT29H09F441F,43849.17,195378.48,0,0
gs248964,762,BNMRSR51T47B881Y,31964.26,53826.45,0,0
Wy463276,1188,DSSBNC83T09F157O,22643.65,165900.26,0,0
cs986645,759,CRCNTL18A62B172U,42441.24,155017.85,0,0
bu038748,1165,ZCCLGO54A13L795Q,23309.24,182008.49,0,0
li800403,383,BNNPTZ47C48G455I,13088.04,66786.69,0,0
vx314059,1149,BRCDRT73H63M364G,45479.39,62281.44,0,0
HE763262,1131,SRNPRG24S54I056M,43292.87,154953.1,0,0
BP056272,574,FNTSVR88T55A150U,38855.31,66478.3,0,0
Kf023732,449,DNZLND53M16I199J,11623.15,174562.92,0,0
Iq692534,836,RSPRNR49H57F433I,32276.6,139996.59,0,0
nv114486,798,PRGSLV94R19M398Y,39276.78,185719.66,0,0
pb041561,991,GLNCRT22S01E715Z,37719.56,122546.81,0,0
rQ147213,601,FNTSVR88T55A150U,47029.0,100301.5,0,0
Bn256975,305,MCCFRN31M05E363K,16299.32,88054.18,0,0
jP159408,76,CSSDNL60L59D300V,38959.78,65247.49,0,0
zU498885,1016,TRCVNN69T62F565U,32781.25,158609.48,0,0
zy090818,1117,TLNPLA91T53H712M,9491.73,198516.84,0,0
ZR076100,284,CNTMRA81A10F863I,31677.22,123505.62,0,0
hP694622,300,CRDSIA12R16L494A,24793.49,58318.93,0,0
BA662880,459,VRNRBT30S65B828G,7066.31,91304.79,0,0
hX191650,1019,VRNGDI16C01D650Z,16956.88,171392.25,0,0
mp276755,228,CFRVRN23C21G478M,43064.29,176207.57,0,0
Wv009407,736,GLLGRM77P62F023F,24381.17,153569.62,0,0
dd680235,1069,GRGRRA23A14F363M,34602.96,89439.08,0,0
mU852761,358,TZZNTA95P14H723F,9437.2,75632.93,0,0
Wu128114,615,BTTCTN72M05C803K,15051.13,138035.61,0,0
Kv616996,23,PSQLRT29H09F441F,49563.27,111976.04,0,0
wD928648,642,PRDDMC97C66H198J,13881.17,199373.36,0,0
cv644948,425,CVLGRG67L52I529A,49254.5,122624.22,0,0
lB640278,125,FGTRSN30D26F610Y,46331.03,176856.18,0,0
Oy876662,270,VLNFRN37L63F893I,34332.84,103689.21,0,0
wq263671,1132,GRSMTD33B20G242C,48793.13,114142.77,0,0
ue295982,534,CNTFRC67L57E965J,32353.67,146718.43,0,0
FF677474,827,SLVGVN46L46C356Z,30014.07,148907.49,0,0
Nm431440,971,VRNRBT30S65B828G,30189.37,152333.92,0,0
aq472474,1177,GNSCLL03T09C428Y,46702.77,140510.18,0,0
Sj076857,1007,TRZFRC57H56D830W,34534.64,105808.95,0,0
Eu853472,435,GBBLND99C48M431C,7514.98,54642.97,0,0
AK217913,147,FLRDNI46S69A713M,27580.49,176718.03,0,0
wi094558,922,CSTMRN30P13C560G,17949.28,55532.82,0,0
Ht135218,995,MLNCRL84P45E520D,30291.73,147801.41,0,0
Kw431712,1140,CVNGLR74P05G157I,11734.53,184641.36,0,0
WE256076,744,CNTRSL58P06F587Y,42183.01,95335.18,0,0
PC403663,344,NCLGBL95M10H558D,25401.47,154568.43,0,0
PJ564718,1166,MRCPTZ86T71I690R,42079.88,79570.2,0,0
Wt037433,628,RNRNNT15C27M096R,7579.12,165968.48,0,0
UK443397,385,CSDLFD16R62D891J,25359.15,81912.26,0,0
eS158534,750,PNCFLP68C57M082R,48917.99,162765.52,0,0
mC350179,44,SCHVNI05M55G217V,49538.47,128640.1,0,0
Pq349201,512,LCCFLV96E59L521Z,40404.75,147102.03,0,0
ix583690,952,LNCMCL69M60D574B,40794.01,186472.4,0,0
QL498421,559,LGNRSN61M42A834Q,29423.49,106897.87,0,0
Bi015409,1178,LMBLNE40T41I124T,41543.28,168114.88,0,0
FG881575,527,GBLNNZ48A15G551E,28715.03,110441.59,0,0
qY768457,644,PRZTZN67B67F455T,47989.56,92461.85,0,0
Bh940343,751,RTCPRC28L09M083T,42498.22,81552.44,0,0
IB961263,789,FSLLNA60M02A747M,10547.27,126727.61,0,0
aZ655575,1124,PLMDMN04P68F904E,15685.5,188265.47,0,0
Qt669114,364,DDUBNT31R60L990B,37462.92,178948.15,0,0
bV036672,456,MSCLNA95T22A387V,36767.26,66789.16,0,0
eL802352,481,MNCFLP51L26E645B,7638.35,184528.5,0,0
yi644979,1058,GLTDLA56H09D234U,5570.9,64660.17,0,0
KC264572,1152,VNVNTL19H21A537C,23388.39,69898.7,0,0
Cc879609,1195,LCCFLV96E59L521Z,37480.34,54296.56,0,0
Hn730442,90,MCHLSE32P22I493M,33302.33,151740.5,0,0
rX171424,886,LGRMRL70D62H304D,25098.56,122079.19,0,0
Su169084,1056,BNVDMN51P50F806P,15154.95,107017.43,0,0
aw417136,355,CNVTNO00H41C489N,17190.81,82548.39,0,0
bj490623,953,FBNLND49L17C539R,20479.84,52569.13,0,0
ZO150145,199,CDUFRN99T03L048G,29365.24,121074.63,0,0
dk225195,133,PCCDNI38M27D373N,20627.72,76992.58,0,0
ZI831615,760,MCHTNN29C63G110Z,12762.39,171488.54,0,0
YV046967,1167,MNTTZN02M07F625R,23812.06,79792.7,0,0
EJ330568,81,MNCFLP51L26E645B,6452.54,51415.4,0,0
of763649,19,BSSJCP42P50A703Z,33837.83,103720.15,0,0
Ti017759,468,BTTGDI88H14H958E,31178.2,96037.48,0,0
Or390873,902,CNTFRC67L57E965J,5193.12,147133.52,0,0
RU211254,24,MNGNNS23T30B681R,34116.49,83409.66,0,0
Ye945287,277,MCHJLD51S10I704L,18621.37,199059.7,0,0
yp557604,611,BRNGNZ75M53F025F,27339.72,108821.89,0,0
iO707360,506,BNDLND77C47E056Z,16627.33,184305.87,0,0
ud181367,1142,TZZRMN18A65G583Q,10936.24,134366.47,0,0
jL996308,303,TRBMRA74T69D945Y,9335.83,182360.93,0,0
ce326484,832,BRZLCN98E29C621T,49144.44,116328.06,0,0
PM719076,351,PLMDMN04P68F904E,35186.22,160203.59,0,0
mj431401,496,CRCVNC41B53L309B,10053.75,59239.49,0,0
kQ808429,519,GLTLCU09R12I462Y,19208.27,148664.3,0,0
EY159838,715,FDRDNT66S45C205G,16930.97,87260.69,0,0
Ck708951,720,TSCFBA85H03G178S,43400.62,82747.82,0,0
qu870265,705,TRCRLD29B56G203I,26580.5,93630.74,0,0
dI033495,1098,GLZSTN18S28B527M,29890.28,194481.01,0,0
cK465911,543,PSTFLP15A61I005P,47153.95,131202.86,0,0
PZ716515,939,GBBMRC58M61F078L,48968.27,59648.96,0,0
fn154182,929,RVGNTA52P03A697H,10055.53,79064.77,0,0
tg076802,59,GNSBRR18E55H661Z,36823.19,149958.82,0,0
rG927062,235,ZCCRMN61M62D402K,14113.21,193295.54,0,0
tF004375,1032,PTRMRD20D14L346I,28261.09,198768.53,0,0
Xa470418,161,SPSPTZ36S57D175H,9540.52,61568.0,0,0
yr247876,1023,BRLCLD08C26C390C,19162.81,126178.39,0,0
Rj696011,793,NGLMLS15M02C437T,23051.75,101623.7,0,0
qB429057,108,ZNIMRA99M68B364P,19959.82,135287.86,0,0
tS675776,211,MNCFLP51L26E645B,12420.03,61575.18,0,0
Ni496698,790,SRDMRN44D59I715Y,5149.33,158147.57,0,0
DV098714,950,MRLRRA02C27L888S,24746.69,197664.58,0,0
Hd443222,580,VSPRSN50R15F275I,29931.07,191706.24,0,0
Ea443678,1125,BZOMLA78R04D568F,47760.58,74849.6,0,0
An452480,1179,NLCCSN79D65A006B,29976.15,98606.21,0,0
vh211869,899,TBLFBZ43B25F943J,24878.74,166312.65,0,0
NS978939,299,BLLNCI11B58B049P,32874.87,139832.02,0,0
VB073501,454,ZNZCSN56S48F283J,24250.41,108375.73,0,0
IC398346,878,BRCLRI18T31D871Z,24461.43,68816.98,0,0
WN062639,96,GNNMRD56T05L223M,21239.11,59432.24,0,0
Xw699483,1092,CNTMRA81A10F863I,39684.57,174707.14,0,0
kz817746,582,VCLFBZ87A63A113Q,30939.19,110587.79,0,0
pY825420,732,VRGLVI37L07D117X,37052.95,199912.05,0,0
ca711552,926,CSLGLR19B53D621R,37111.26,137374.53,0,0
aE852936,174,RSPCLR86T64D876U,21104.87,80607.57,0,0
ip982341,634,BBBCRI88A57B446U,13361.22,164395.53,0,0
tk953031,241,RBBSVD63R51C357Y,17683.41,149173.64,0,0
Fu568851,244,ZBRBRL65D65C430J,29252.18,177385.77,0,0
aU264587,491,NDRSTN63R22E563J,21602.01,175916.34,0,0
Np409420,321,TZZNTA95P14H723F,9813.08,65121.37,0,0
fO616493,214,BTTLNE12P14I844T,24657.25,140256.96,0,0
uV538170,92,BRRCLD41M66G790M,45311.31,98005.87,0,0
wk234097,434,BTTCML77M66A581S,11482.34,91936.85,0,0
ga877380,576,DTTMLI90R69A780Q,35841.61,121176.57,0,0
BH118138,716,CVLRNL14B23A690M,11509.97,124276.75,0,0
sy775844,849,PZZLMR18L64L807P,8865.41,138013.51,0,0
Vj240239,391,RSNDMN92H67I073K,5759.78,86077.74,0,0
dx290892,957,MNCLTZ47T29I969N,40409.36,103362.53,0,0
ct634978,1034,GVNVNS30R13L126K,35030.92,158506.06,0,0
Cr820090,1059,LCCGNR05M41G007C,28237.29,71384.26,0,0
oR911147,347,VVLPRN12S59A101H,7241.22,114143.98,0,0
Gd346720,981,GTTVRL07R56B069X,34844.23,180793.41,0,0
CE752078,1156,RGHGCN95A48A058A,45328.75,137095.2,0,0
vN303032,334,LRCBNN10S44F558X,26401.48,180920.23,0,0
lt974760,384,LNGLSU36H19L933N,7323.14,57454.7,0,0
ml839599,945,ZCCRSR48D55G438Z,21176.28,134570.52,0,0
uk018796,409,SSNCRL95P50C393B,15992.5,181468.63,0,0
PF743607,411,LPUFRZ90P54I743R,39575.8,149188.25,0,0
DZ553847,424,MTUDLM60T67D640R,21189.49,151608.1,0,0
RA652206,475,GLGSNT68A58L799W,35823.15,178347.11,0,0
GG394977,791,CSRMRT22P09G036W,30526.96,56964.12,0,0
jy557244,87,GLTLCU09R12I462Y,8813.23,54999.78,0,0
RL118842,563,MLPMLS19T02F206P,29282.52,86940.12,0,0
FE732602,799,MLPGGL77P68A496T,39592.49,131943.61,0,0
LQ256301,887,VNTGNT18D42C440S,39743.62,183931.78,0,0
oq084099,960,MRNGRN12A58A045X,49852.14,96307.2,0,0
oQ579185,169,TRNSYV29P15I991B,25331.1,55096.22,0,0
uG743017,438,FNTCRT99A12M408Q,32117.14,78633.01,0,0
aJ952726,517,GNNGFR09L55L248Z,12263.35,153611.8,0,0
mg882652,1116,FRRMTD96A11L928T,39873.54,79190.68,0,0
LD982891,175,FBNLND49L17C539R,26937.71,129253.16,0,0
aU233191,301,FDRDNT66S45C205G,17303.23,144968.22,0,0
Kh366288,783,MZZSLT93C47C901Y,15813.8,97886.76,0,0
MO361219,4,SQRFLR77L13B476A,23847.85,108074.72,0,0
ig517122,937,SCHVNI05M55G217V,18506.62,180704.66,0,0
vB730025,330,RRGCHR09P11A809A,14405.55,196600.64,0,0
IW372126,1181,VLLGLI98D56H967U,38027.81,90609.82,0,0
Ee450079,120,NVRRRA85H05E962I,39995.33,74559.68,0,0
nC549438,319,LNTRMN71S26A819L,19911.78,153895.34,0,0
xz777284,148,CNVFLR20B25G209C,23502.46,77904.16,0,0
vY990324,1013,RRNMLS58H04F322P,5734.08,165467.05,0,0
ig289585,107,SLTSLO27M29H070M,7459.37,113976.55,0,0
Cl294650,860,TRRSLV86S46C356L,25576.8,62562.95,0,0
Me898429,187,MRNGRN12A58A045X,42955.68,67604.18,0,0
lF310232,472,PRZTZN67B67F455T,20099.86,166430.1,0,0
jU828444,829,CRCNTL18A62B172U,36239.96,62113.3,0,0
kg439144,220,GNNGFR09L55L248Z,16170.54,193036.42,0,0
MF762974,145,MRLRRA02C27L888S,23879.7,158833.56,0,0
aM947760,649,TTNGLT08A17F711D,17083.83,154117.01,0,0
fd940196,925,CSTFRN09B48A799N,15981.62,104510.73,0,0
WF512285,1118,BNNPTZ47C48G455I,43236.85,127374.44,0,0
ye543388,784,FRMRFL90P56E997C,45140.33,77324.15,0,0
EP263695,1129,SBRRMI09C25E305O,14097.86,138545.94,0,0
FI746949,185,LGNRSN61M42A834Q,49478.96,98912.5,0,0
cA080952,493,TRMLSU09B09D255T,25013.52,77565.35,0,0
AK934462,841,GNNMRD56T05L223M,13881.29,183913.01,0,0
dn706343,1160,GRDMCL12P03I205B,41326.99,96582.01,0,0
rQ442213,274,BSSJCP42P50A703Z,42910.37,56794.7,0,0
BM353526,701,BTTLNA85C20C971W,21556.84,114618.25,0,0
xP651802,994,GLDGRL19B21A851P,17234.6,144658.06,0,0
dJ053367,12,GRMNTA16C01C596X,16799.24,171886.59,0,0
dv995602,1031,LVTCLD82M50M141F,21968.9,68453.31,0,0
Ld675530,520,DPRGLN05S42A196A,43389.08,165391.78,0,0
AC330306,598,VVLPRN12S59A101H,36190.49,69698.03,0,0
SU749508,987,MRPBNT33T41F358M,14953.4,144500.97,0,0
Yo360911,352,GNTSYV68P28L983R,46829.85,147535.95,0,0
UK874121,526,PSTTTN98B01H785Z,37477.63,174557.96,0,0
hM518093,1004,CGNMRN73M59G972L,21914.82,173512.5,0,0
Ve878154,724,MNZBGI45H60C936B,40852.64,94033.15,0,0
Nu332959,441,PRTLRT01A13L297V,5668.56,186544.05,0,0
FG408338,733,MRCPTZ86T71I690R,21936.19,102807.69,0,0
nh269517,215,BNNRMI65T26F815J,37318.69,187060.88,0,0
IK746274,337,BTTRMD97A57F749N,41350.45,191412.56,0,0
Un523687,667,TRNSYV29P15I991B,28351.19,132194.09,0,0
Me943050,645,CBBTNO73A56F371P,31701.83,181963.29,0,0
lY513046,1045,PSTFLP15A61I005P,25296.7,130738.21,0,0
LZ730487,370,CTRLCN93L51L835K,6252.8,52936.67,0,0
UC279512,771,FSNMRH96H04C055W,13138.67,89968.51,0,0
Lb611362,629,SBRNDD79P27E173G,49988.09,58292.43,0,0
cX077975,575,RGNCTN04A24A239F,11455.57,85044.85,0,0
xs062719,773,MCCVRN92R25D472H,11151.35,77235.97,0,0
BC597992,448,FNTVRC37E27G114Z,41221.22,54005.23,0,0
Nt155192,420,CRFRRA47S17L837A,39733.54,167088.07,0,0
Dw508390,988,BRCSRS13C51D733F,35262.99,102964.22,0,0
zy401632,1006,GBLNNZ48A15G551E,48594.69,62176.21,0,0
Rx296457,511,PSTRFL05A21F271Y,16413.82,117953.5,0,0
nr789322,1038,CNTMRA79T07F009G,48256.22,75429.28,0,0
ni811078,30,BSRBCC23R41B932G,31116.4,89982.62,0,0
wz717652,247,SLVVNN71H68C079W,11528.94,162774.79,0,0
tS762220,363,FRRCML80B05D064Q,48851.24,61498.9,0,0
wG190726,577,CHNGNL10D58D078A,33357.93,165603.4,0,0
PP822890,912,TDSGVN62B63H975G,7813.26,177154.6,0,0
Qp302990,476,PRZTZN67B67F455T,46184.13,178103.56,0,0
qj150655,1085,MRNGRN12A58A045X,34583.4,132493.96,0,0
ff119460,1145,BRFLPN97H54G210Z,43679.5,127517.14,0,0
HF644990,249,FLCVRN76R26A949J,40968.79,117883.47,0,0
Hy807354,959,PZZRSR86P48F600N,47561.45,95760.7,0,0
pZ806166,723,CRSSSN88P05D576C,37319.96,157672.17,0,0
SL697117,722,FNTVRC37E27G114Z,44360.89,84340.3,0,0
Sx888264,672,GRGLNI45R18F482Z,22137.69,115317.46,0,0
mK552103,8,TNZPRD32B48G205C,23360.47,59800.12,0,0
wM087977,1084,VCLFBZ87A63A113Q,23736.6,155249.58,0,0
Xc965152,78,CRDNTN49D48D537X,26132.97,82706.08,0,0
sR730774,677,NTRRND43M62A138U,20147.89,141865.59,0,0
ML590757,698,CRELBT98C46D462H,37448.58,124634.46,0,0
zH881822,1148,RSPRNR49H57F433I,5870.28,184661.01,0,0
bz252009,138,FBNLND49L17C539R,33801.57,52079.95,0,0
JH833801,551,BSRBCC23R41B932G,18779.94,120993.11,0,0
yF840729,779,MNTTZN02M07F625R,37097.87,69865.53,0,0
OE411324,224,TRSLSU42S17A552U,12131.84,51973.76,0,0
Tr758097,546,TSTMRD14A13G365K,48472.12,75427.61,0,0
Ek871018,572,PTRMRD20D14L346I,25412.3,120010.34,0,0
Mh980046,85,VSCBPP17C56D901E,30472.59,54762.3,0,0
AQ934320,25,PSRHGU43C54H074W,40064.04,98812.63,0,0
Pw470551,100,CSDLFD16R62D891J,9542.27,101435.4,0,0
gf933360,602,FLTBRT58D62B648O,14569.72,75466.89,0,0
JO652237,668,PSNGNE89M01H429A,11344.48,189096.37,0,0
yU404660,674,GLGPNI14P02G151D,12377.25,85944.88,0,0
Bt086529,191,CTRDLA87R30G542B,35477.49,112301.54,0,0
BZ035284,89,FGTNTN52C44I510Z,23079.08,132995.65,0,0
ja601436,28,PRZPCC56P68L970W,11140.6,152018.33,0,0
ax385606,600,PNMGRN06B49I360L,48728.48,149617.04,0,0
Uo887356,129,SCLRMN63D44B637K,30735.05,154191.64,0,0
Jf571094,119,SLGMLI24D52A472F,35991.68,161498.77,0,0
XL766417,99,RSMFDC73M46D538X,18060.28,180437.01,0,0
AD690345,143,FLTMME15D30L535Y,44588.98,98800.45,0,0
Lg922679,541,VLTRGR88E54I873T,7741.6,130172.81,0,0
qs076709,95,LMBGST21R41L998B,30343.97,99271.16,0,0
cG636261,616,DNTNTN02T19A254C,28248.48,106390.44,0,0
XK759483,669,RRCGNL48T47D732R,49349.4,104433.15,0,0
qg668102,963,MNCLVR76L29L238G,37233.17,169727.82,0,0
it130049,906,GRZGSR26H45L625U,29731.81,193886.15,0,0
ir700674,116,FDRGSR05M64H683F,43687.51,66357.37,0,0
NO117837,802,SRDMRN44D59I715Y,48579.59,109042.74,0,0
nk028531,828,GLRGSN50H54H802K,17239.77,82642.01,0,0
GG317502,1107,CHRLSI62A28H514Q,41481.61,152985.98,0,0
RF432548,661,LMGPLN44R11L961T,9663.15,179856.88,0,0
OV977457,713,BNNRMI65T26F815J,39090.77,86463.71,0,0
kb286657,665,NTNMRA21P64E103K,16674.98,177871.87,0,0
Jx955965,741,NTNLVI54A26A902T,41702.66,171780.6,0,0
KG745447,11,PTRDNL93P19D630F,40901.53,127102.92,0,0
ef245200,365,BTAPRI02S59D317Q,37269.15,191628.19,0,0
yo900724,1067,NCCRSL63D19G875D,49730.43,90128.77,0,0
He343714,1112,PTRGLT97D12I289M,41045.1,136570.82,0,0
FE691835,931,BRRLLN42C27F931N,42901.43,114066.91,0,0
RP715594,765,LVTCLD82M50M141F,41185.71,129087.11,0,0
eZ785342,97,RMNRLD13B60I110G,37271.07,179762.59,0,0
he314403,173,CNVTNO00H41C489N,15568.32,119300.08,0,0
aJ017990,201,RROLND46R08M015J,27677.04,160957.88,0,0
ya473582,524,ZNZCSN56S48F283J,29256.8,50129.56,0,0
eg649602,578,BTOSIA20P09D798O,40992.71,84296.67,0,0
Am957427,332,FLTBRT58D62B648O,44348.47,153589.54,0,0
fX001016,1072,GSTLSN69M16D219P,23683.46,166910.21,0,0
Aq043915,181,MNCLVR76L29L238G,35005.76,74676.24,0,0
FE893788,658,TRCRLD29B56G203I,26223.35,172278.5,0,0
dl073667,505,GROSRN16C27E675V,32469.01,148672.95,0,0
iq967330,837,PLMRLD16C42I686S,40291.19,138850.7,0,0
od364286,755,PPEGCT25T66A309A,22698.33,161661.35,0,0
zx581123,801,FRMRFL90P56E997C,12816.71,118112.16,0,0
Wl628811,845,PZZGSI27L42C884K,17471.33,138559.13,0,0
xC321567,556,CRSSSN88P05D576C,27376.22,144344.68,0,0
pu458971,711,GBLRNZ47E66H523B,49076.55,162694.23,0,0
kW532191,989,GNTSYV68P28L983R,13577.89,62197.82,0,0
dO192214,851,SCTGLS55C43I056P,31576.8,197739.18,0,0
Kx181073,104,FLRDNI46S69A713M,9058.44,134776.6,0,0
iD942787,414,BRCPLN89A12A645R,26535.94,198858.74,0,0
dw906742,317,CSTGLR19H70D798Q,24384.39,144150.51,0,0
ao504679,52,JLNCRL31L59D901F,22600.27,141187.22,0,0
aY201522,676,BRNGNZ75M53F025F,11657.3,174397.25,0,0
Qy023469,55,CSLNTA23C21G311F,41304.89,97108.29,0,0
hk369377,703,CMSGLM22C14F214P,9092.98,133347.46,0,0
kH402165,213,ZNZVLR87P26E662V,18281.3,158734.15,0,0
UA644901,379,SPSPTZ36S57D175H,31980.17,130213.89,0,0
LB623230,462,PZZMRS04B28L335T,17721.42,106362.99,0,0
SE534125,560,MRSRND07R57H659R,11172.66,186751.02,0,0
DN152459,735,PLCLSE05A12C928Z,42197.1,109090.08,0,0
yw999567,1130,SQRFLR77L13B476A,32466.49,152479.04,0,0
Hk597267,893,SNNNCL28P45A028Z,23765.93,63349.71,0,0
bN231002,883,CVLGNE49R02I145M,33089.84,50323.74,0,0
Qu176456,446,CHRLSI62A28H514Q,44345.66,140870.95,0,0
eA275928,232,FLTMME15D30L535Y,30180.71,59201.78,0,0
Or478011,817,BNMRSR51T47B881Y,7724.9,166576.76,0,0
fQ207597,16,RNSSRN57A10D105H,6993.74,122063.66,0,0
Ic271140,1083,BNCDRA39C25H658H,30840.25,183393.97,0,0
OL183343,1154,MLDGGL95L44C316G,38617.64,175854.8,0,0
rE279047,49,VSPLGN95L13F267L,9731.59,139016.2,0,0
Jj492450,895,FLCVRN76R26A949J,21711.37,149964.62,0,0
zj023797,1141,PRDRSN39H22F562I,10043.16,111904.04,0,0
IL775506,376,DTTMLI90R69A780Q,33719.11,98310.46,0,0
rl162896,426,MNZBGI45H60C936B,41835.54,88611.78,0,0
DA024366,595,RZZNCL88H42C207G,14011.63,108384.47,0,0
Ka451311,440,NTRLDA53C61E010V,31599.3,103326.49,0,0
od612541,311,CHRLSI62A28H514Q,37112.57,110583.85,0,0
Kq913660,313,SDRPLA96D28A975I,17803.21,111654.48,0,0
nV224408,690,CRNMCA94C60C726C,27531.73,196967.61,0,0
Mt154953,718,SDDMLN88A07D119R,10775.26,144897.17,0,0
mN857974,135,SPNVTR77L61L269U,21038.74,182932.83,0,0
Ll242885,955,SLTNTA59M22G294K,48841.33,108759.21,0,0
me115735,415,CNTGFR88M50L654D,25598.38,100123.53,0,0
Zd508101,738,SREMCL56H70A332V,32208.31,138163.9,0,0
wy047261,58,FSNPRN67R27A058F,39588.69,192457.78,0,0
Ao945467,1095,LXRPTZ35A64F473P,11115.4,82145.84,0,0
ir077914,1173,TFRMLN18M07H717L,18914.99,89434.53,0,0
TB016748,570,BRCLRI18T31D871Z,9690.13,99414.2,0,0
IJ886211,40,GRNRSL14L03L013X,45410.01,146709.27,0,0
iq314937,318,RRGVNN87M62A947J,8495.76,148739.18,0,0
tA880229,461,BRCSRS13C51D733F,47653.68,154071.46,0,0
rU109008,631,BRNGCB83B64L788L,39744.36,136596.31,0,0
ph732639,774,GRGFMM60P16C661J,16070.18,155551.74,0,0
zf209365,374,SBRTNI72H14E450D,7052.14,64985.27,0,0
jL779780,208,MNNSSN36T19B102T,35752.62,165327.49,0,0
UQ721879,919,CMCLLR30P29A506L,11075.26,73862.51,0,0
PM740005,41,TRVTLC95C51I205Y,37157.24,191088.33,0,0
kj751268,1011,CSDLFD16R62D891J,32785.68,83679.06,0,0
yo654063,1133,MSCBNT44C45C440C,46275.87,79277.3,0,0
XA486278,811,CBBPMN86A63H573V,39001.99,189913.35,0,0
tX230004,240,GSTDMA38S44I376P,42641.48,77785.06,0,0
Re932589,1090,SBRNDD79P27E173G,45890.86,182174.51,0,0
Yp484566,67,DLLDNL26T66G178E,14902.85,186951.43,0,0
Xl943099,1054,LNCCNT36A25A192C,37568.65,111498.63,0,0
IO521520,482,MFFNTN34T03L952U,41924.75,181484.81,0,0
Pu299190,1002,BSDBNT44A57D617H,25328.37,64298.65,0,0
iC021125,271,MRNLDN93C54D999B,34420.49,61223.17,0,0
Xg998985,569,PNCGCB90P54B138Q,29956.23,145611.93,0,0
OZ333071,746,MRRVLR90R13F983H,27766.81,183981.45,0,0
RR124856,369,CCRMRC92H51H147G,33736.56,118762.74,0,0
tv905159,712,BGGFRC62C17I048E,22488.47,131813.51,0,0
Iq680726,743,RMNRLD13B60I110G,8714.36,50452.96,0,0
Qs838303,239,GROSRN16C27E675V,32281.26,144302.47,0,0
qh574390,157,VCLFBZ87A63A113Q,15304.95,140704.99,0,0
uZ310361,612,RNRMRS72P29C758Z,37133.44,140538.19,0,0
Wu835472,77,CBBTNO73A56F371P,44180.41,134021.28,0,0
iY549397,678,TRRSLV86S46C356L,44707.71,175126.32,0,0
zd589532,488,PRZCRN27B50G105Z,29674.93,54750.2,0,0
Lm696540,470,TLNPLA91T53H712M,8817.28,183219.36,0,0
iD191270,666,GRGFMM60P16C661J,33038.9,107103.32,0,0
lU104218,282,BRCLRI18T31D871Z,33552.91,87294.07,0,0
uJ519016,822,QSMFBA72D66E100V,20937.53,121313.96,0,0
mG363466,982,PTRDRN57D15F154K,34073.26,120143.58,0,0
ra708122,47,BTTGDI88H14H958E,40231.04,73638.44,0,0
nT639939,942,CMSFRN66C57L827W,40057.7,171983.76,0,0
gm972297,558,BRDRMN12M15I614J,10137.92,124820.1,0,0
zN382122,840,PNITZN84C68I891X,46929.61,60609.56,0,0
Dv935647,536,BSRBCC23R41B932G,28521.6,70534.9,0,0
LL409499,315,PTRSRN88T22C594U,47093.49,120200.5,0,0
qr685854,970,PDVLNI19A28C553J,10394.6,191170.77,0,0
NS535369,487,TNZPRD32B48G205C,16986.8,199569.27,0,0
fX504249,276,VSPRSN50R15F275I,40042.28,52611.57,0,0
Si656249,907,FNTSVR88T55A150U,37832.81,123156.55,0,0
zk059131,687,MSTCLC45D51G412B,31313.47,111834.45,0,0
lp299919,742,SLGMLI24D52A472F,20761.56,103768.75,0,0
sY154948,785,CVLRNL14B23A690M,44348.08,180964.63,0,0
qK999153,42,GRRGRL82C10E738G,45667.89,172298.75,0,0
sZ944215,630,CRSRSL63T21D527N,40134.62,78268.33,0,0
nt802629,635,VTTLSI87P28A424O,20990.71,158308.48,0,0
tB382032,710,PLCMRH89B03I749B,45638.4,173819.07,0,0
Nd582827,749,GLTDLA56H09D234U,18400.45,184886.34,0,0
gt912771,892,NNLLNE73E14C716Q,28802.22,135025.55,0,0
NI768742,932,BRNRMN45R27L574K,31347.36,154845.66,0,0
qp316800,280,MNDLND69D62C478V,41354.15,108495.8,0,0
yz311053,398,TRTSNO78C05C331W,24920.28,76753.67,0,0
Eu704908,485,SCHVNI05M55G217V,22206.58,185334.56,0,0
HB012003,586,VNTLRN12T16B377D,15288.47,52859.69,0,0
xP495035,105,ZGRSNO65P19A902E,18761.59,50840.07,0,0
cc360209,35,BTTRCT52B58G277S,48565.53,196630.68,0,0
eP594696,513,MSTGSN08M44B846E,10675.0,168371.82,0,0
yh834031,729,VLLGLI98D56H967U,12580.65,104665.09,0,0
vg612522,1144,FFRLSS66M53L671V,26069.43,85739.5,0,0
