BTNLRN41H49I003J,"Incrocio Gastone, 16 Piano 7, 55018, Segromigno In Monte (LU)",Elvira Giannetti
BSNRRA17T28A452U,"Viale Amanda, 25 Piano 7, 35129, Padova (PD)",Lorenzo Trezzini
MZZRCT32T64E977M,"Vicolo Abba, 9, 73046, Matino (LE)",Sig.ra Aria Garrone
FRNNCL67E55F225X,"Viale Orsini, 312 Appartamento 9, 66023, Francavilla Al Mare (CH)",Mariano Calarco
VSPGFR44L42I480P,"Strada Priuli, 64 Piano 3, 12034, Paesana (CN)",Erika Benigni
NTNMLE72S44D412L,"Via Sole, 49, 61025, Montelabbate (PU)",Maurilio Coppola
DLLSMT84R09H778X,"Contrada Giacobbe, 62, 18021, Borgomaro (IM)",Dante Lucciano-Missoni
CSRFBA18D66I384A,"Viale Carlo, 8 Appartamento 8, 34014, Santa Croce (TS)",Irma Pennetta
MLDLRT49H15E504T,"Via Santorio, 7, 40129, Bologna (BO)",Camilla Bernardini
CNTBRR45B66G964F,"Incrocio Evangelista, 15 Piano 0, 20874, Busnago (MB)",Isabella Vento
RNRNNT15C27M096R,"Vicolo Gaggini, 4 Piano 1, 23035, Pendosso (SO)",Maurizio Rensi
CSTBNC59R24G859W,"Contrada Ermanno, 72 Appartamento 5, 88054, Sersale (CZ)",Uberto Zanazzo
BGGFRC62C17I048E,"Viale Marzorati, 77 Appartamento 28, 65010, Civitaquana (PE)",Dionigi Meucci-Gritti
CRDNTN49D48D537X,"Viale Liverotti, 9 Appartamento 53, 40136, Paderno (BO)",Gianfranco Buscetta
GRBLNE22E64I138Y,"Canale Gemito, 1 Piano 8, 48025, Borgo Rivola (RA)",Luigi Nolcini
ZBRMLT62P41G286V,"Incrocio Morrocco, 441, 33051, Aquileia (UD)",Jolanda Beccaria
CRCTNI50P20F655B,"Strada Ubaldi, 27, 33095, San Giorgio Della Richinvelda (PN)",Adriano Pizzo
PGFGNI22S47E878P,"Canale Carocci, 12, 84040, Casal Velino (SA)",Mauro Cerutti
BRNRMN45R27L574K,"Canale Gaetano, 97, 70043, Lamalunga (BA)",Sig. Gianluigi Callegaro
BNVFST16P59D949N,"Borgo Cagnin, 3, 30036, Stigliano (VE)",Dott. Luchino Versace
PDVLNI19A28C553J,"Piazza Cristoforetti, 492, 29018, Chiavenna Rocchetta (PC)",Sig.ra Sophia Bulzoni
VRGLVI37L07D117X,"Canale Fogazzaro, 382, 81037, San Carlo Di Sessa Aurunca (CE)",Giovanna Maccanelli
GLTLNI13E02F148U,"Via Lolita, 37, 09021, Barumini (SU)",Bettina Montanariello
BRLCLD08C26C390C,"Strada Ceschi, 73 Piano 0, 28072, San Bernardino (NO)",Evangelista Salvemini-Falier
VTTGSP53B62F974P,"Strada Gigli, 58 Piano 6, 64025, Scerne Di Pineto (TE)",Nino Vianello
GLVMRT63H12G806A,"Borgo Laura, 1, 84086, Casali Di Roccapiemonte (SA)",Mirko Zacchia
MRSRND07R57H659R,"Via Ninetta, 2 Piano 5, 25074, Lavenone (BS)",Massimiliano Cassarà
TMBRST06C69B646S,"Viale Pirelli, 6 Appartamento 9, 75028, Gannano (MT)",Antonello Belletini
TRSRST44R55C948U,"Canale Calgari, 96 Appartamento 37, 62012, Santa Maria Apparente (MC)",Simone Pace
SLVGVN46L46C356Z,"Borgo Antelami, 40, 42043, Taneto (RE)",Paoletta Martinelli
MRRVLR90R13F983H,"Borgo Vespucci, 10, 31020, Villorba (TV)",Pina Pascarella
PRDRSN39H22F562I,"Viale Magrassi, 34, 20900, San Fruttuoso (MB)",Ciro Chigi
BRRLNE33D26I274T,"Contrada Giradello, 336, 14026, Scandeluzza (AT)",Pompeo Bartoli
CRSSSN88P05D576C,"Borgo Gianluigi, 155, 13024, Cellio (VC)",Uberto Ottino
MCHTNN29C63G110Z,"Contrada Bonolis, 14, 17100, Fornaci (SV)",Sergius Briccialdi-Mazzini
CGNMRN73M59G972L,"Piazza Luchino, 21, 73042, Casarano (LE)",Valeria Scalfaro
PLCSRN16M29A746L,"Incrocio Terragni, 98, 20846, Macherio (MB)",Sig.ra Cecilia Riccardi
BLLGLN68H49A584D,"Rotonda Tarchetti, 21 Appartamento 21, 62011, Cingoli (MC)",Puccio Brugnaro
VSCBPP17C56D901E,"Via Caetani, 4, 00196, Roma (RM)",Sig.ra Griselda Botta
RSLSLO31P05B486T,"Stretto Antonucci, 18 Piano 2, 42026, Canossa (RE)",Antonello Basadonna-Scotto
SBRRMI09C25E305O,"Canale Priscilla, 41 Appartamento 25, 10028, Trofarello (TO)",Chiara Iannucci-Calbo
RTCPRC28L09M083T,"Stretto Daria, 3 Piano 0, 07024, Moneta (SS)",Milo Briccialdi
STNLNE88B12F219V,"Via Rosa, 11, 64010, San Vito (TE)",Dott. Romana Procacci
RSSLRN91R55M368G,"Via Salata, 84, 73013, Santa Barbara (LE)",Dott. Matteo Tomaselli
LNFCHR92M09I179I,"Borgo Mattia, 64, 83023, Fontenovella (AV)",Ottone Calbo
VLMBTN36D17A698S,"Via Marcello, 21 Piano 6, 26867, Somaglia (LO)",Eugenia Granatelli
RSTMRC20R53C241U,"Vicolo Luxardo, 976 Appartamento 4, 13017, Quarona (VC)",Ida Fischetti
GRSGSP64L13L416O,"Borgo Fabrizi, 0 Appartamento 0, 98164, Messina (ME)",Franco Polani
GLTRNT58D16L944D,"Incrocio Asmundo, 7, 95016, Santa Venera (CT)",Pier Greco
PLLRST44L65E679T,"Contrada Bossi, 0 Piano 4, 45019, Polesinello (RO)",Dott. Irma Casellati
CHTFRN35D27G299B,"Viale Alboni, 362 Appartamento 7, 98048, San Martino (ME)",Filippo Prada
BTTSTL71T08H881F,"Vicolo Borromini, 1, 67055, Gioia Dei Marsi (AQ)",Ludovica Foà
CSRLCU14P43H675X,"Stretto Laura, 453 Piano 0, 39058, Sarentino (BZ)",Simone Sabatini-Puccini
CNVTNO00H41C489N,"Vicolo Barcella, 123, 81050, Portico Di Caserta (CE)",Pierluigi Soranzo
CPLFDL30T45B278N,"Stretto Giorgio, 57, 00059, Tolfa (RM)",Lisa Nicolini
FLLLND79H62I409Y,"Strada Pierina, 51, 72017, Ostuni (BR)",Michela Mocenigo
TRCVNN69T62F565U,"Viale Eraldo, 8 Piano 5, 17022, Borgio Verezzi (SV)",Adelasia Antonucci-Pisaroni
RTSVTR66C04F304R,"Viale Malatesta, 53 Piano 4, 24013, Oltre Il Colle (BG)",Priscilla Boiardo
GRGRRA23A14F363M,"Stretto Greco, 25, 02024, Sant'Elpidio Di Pescorocchiano (RI)",Massimo Donatoni
CSSSTN50R24B132R,"Strada Mirco, 64 Appartamento 91, 33082, Tiezzo (PN)",Lina Agostini
PCCDNI38M27D373N,"Borgo Scotto, 31 Appartamento 38, 09040, Goni (CA)",Sig.ra Giulia Polizzi
RVGNTA52P03A697H,"Rotonda Corradi, 5 Appartamento 60, 90040, Montelepre (PA)",Gabriella Iannuzzi
MCHLSE32P22I493M,"Borgo Sbarbaro, 30, 80023, Pascarola (NA)",Silvio Bruscantini-Germano
BRRLLN42C27F931N,"Rotonda Dolores, 642, 10088, Volpiano (TO)",Gaetano Curiel
SBRNDD79P27E173G,"Piazza Fausto, 615, 81035, Marzano Appio (CE)",Gianfrancesco Endrizzi
SRDBNN16E56G831D,"Vicolo Righi, 1 Piano 7, 90037, Piana Degli Albanesi (PA)",Sig.ra Marissa Stradivari
CTRLCN93L51L835K,"Incrocio Salvemini, 61 Piano 2, 92024, Canicatti' (AG)",Dott. Mariana Tafuri
DBSLNR63P17E793O,"Piazza Ennio, 39 Piano 8, 24014, Piazza Brembana (BG)",Claudia Mercalli
LRCBNN10S44F558X,"Stretto Pavanello, 7 Piano 3, 38075, Fiave' (TN)",Eliana Pavarotti-Simeoni
MRCLBT65H51C780K,"Canale Nicolò, 32, 12038, Levaldigi (CN)",Piersanti Grasso-Pisani
BRGVNI41T44F698K,"Viale Gagliano, 143, 75022, Taccone (MT)",Antonina Metella
CNCPNI43B26B016J,"Piazza Manunta, 453, 23862, Civate (LC)",Pomponio Ferragamo
PNITZN84C68I891X,"Strada Romina, 8, 33050, Terenzano (UD)",Virginia Terragni
BCCGNE85A12H860X,"Borgo Scotti, 3 Piano 5, 40037, Fontana (BO)",Dott. Franco Gotti
BRCMDA24M53L931L,"Borgo Brunelleschi, 477 Piano 4, 50141, Rifredi (FI)",Tiziana Mengolo
DNRGSR71D64G079I,"Stretto Lanfranchi, 85, 38077, Lundo (TN)",Dott. Giovanna Marsili
NCHLCZ87A02B620B,"Via Carullo, 51 Appartamento 31, 95048, Scordia (CT)",Licia Golgi
TFRMLN18M07H717L,"Incrocio Rocco, 5, 43021, Vestola Ghiare (PR)",Sig.ra Evangelista Mozart
PRTMLI24D58F263R,"Strada Alberto, 187, 20852, Villasanta (MB)",Alphons Falloppio
RRNMLS58H04F322P,"Canale Bazzi, 97, 84082, San Nazario (SA)",Donna Mastandrea
DDUBNT31R60L990B,"Vicolo Telemaco, 367, 88100, Catanzaro Sala (CZ)",Napoleone Lombardo
RNGMRL89H17E785Q,"Vicolo Annalisa, 64, 09034, Villasor (CA)",Rocco Campise
CSRMRT22P09G036W,"Contrada Riccati, 181 Piano 5, 10029, Villastellone (TO)",Corrado Fabrizi
TZZRMN18A65G583Q,"Piazza Nicoletta, 317, 55047, Pozzi (LU)",Lucrezia Nugnes
GSTDMA38S44I376P,"Viale Duse, 6 Appartamento 99, 95029, Viagrande (CT)",Enzio Zaccagnini-Corcos
FGTNTN52C44I510Z,"Contrada Michelotto, 4 Piano 8, 17046, Sassello (SV)",Nino Meucci
MJWRFL33C13D836X,"Stretto Cendron, 87 Appartamento 3, 05032, Calvi Dell'Umbria (TR)",Renzo Toscanini
DSCMRT01M08L848F,"Stretto Pasqual, 81, 43011, Roncole Verdi (PR)",Dott. Isabella Oscuro
PRLMLN72H07C349K,"Strada Ungaretti, 7, 36034, San Tomio (VI)",Vanessa Gualandi-Mazzocchi
TPLRAI90H02H665N,"Canale Filippo, 90 Appartamento 22, 66026, Villa Caldari (CH)",Victoria Pontecorvo
SSNCRL95P50C393B,"Incrocio Coluccio, 85 Appartamento 1, 00126, Roma (RM)",Nina Renier-Sandi
PCLGSP28M04L949J,"Rotonda Pietro, 45 Piano 0, 37134, Verona (VR)",Donatella Trapani
RSLRSR50A41I953F,"Viale Meucci, 64, 20862, Arcore (MB)",Aria Avogadro-Fibonacci
CBCNGN09B04A762V,"Borgo Gioele, 6, 28821, Cannero Riviera (VB)",Evangelista Petrucelli
TGLGLI86H04L386E,"Borgo Bongiorno, 6, 26037, San Giovanni In Croce (CR)",Lucio Ostinelli
BJRPPZ01L61I592D,"Canale Lombardo, 66, 60015, Falconara Marittima (AN)",Vito Ossani-Angeli
VLLPNI44H14M002W,"Viale Pometta, 34 Piano 9, 23887, Olgiate Molgora (LC)",Laura Antelami
RCCRNR90A49B297S,"Borgo Lucrezia, 31, 13816, Miagliano (BI)",Dott. Saverio Ferrata
VTTZEI83S70H013N,"Incrocio Borsiere, 74, 60048, Serra San Quirico (AN)",Liliana Giannetti
MLNCML70D01G242U,"Stretto Marissa, 29, 39012, Sinigo (BZ)",Ciro Caracciolo
CREGNC86P67B978C,"Rotonda Anguissola, 83, 70126, Bari (BA)",Sig. Tonino Zichichi
BRBLND25T29G222M,"Stretto Ovadia, 2 Appartamento 2, 21047, Saronno (VA)",Giuliano Comolli
BRSPLM65B19E415Z,"Piazza Patrizia, 4, 23014, Andalo Valtellino (SO)",Lara Santi-Gucci
VSCTNN33H62M209F,"Viale Fernanda, 36 Piano 9, 89028, Sant'Anna (RC)",Ronaldo Smirnoff
CTLCRI17A66A566F,"Viale Palombi, 39, 53049, Torrita Stazione (SI)",Annibale Vercelloni
PLMMRC01C47H434G,"Contrada Lazzaro, 75 Appartamento 80, 28805, Vogogna (VB)",Carlo Mazzi
PZZGMM56E13C069X,"Rotonda Morandi, 5 Piano 7, 66050, Guilmi (CH)",Maria Pisano-Serlupi
RGNFLV52S15D668S,"Contrada Donna, 5 Appartamento 60, 64025, Scerne (TE)",Benvenuto Mastroianni-Lucchesi
BCCBNT86T42E307T,"Incrocio Filogamo, 96 Piano 4, 15060, Roccaforte Ligure (AL)",Gian Falcone
ZNIMRA99M68B364P,"Vicolo Udinese, 70 Piano 7, 89041, San Nicola Di Caulonia (RC)",Alessandro Anguissola
BLLNCI11B58B049P,"Incrocio Salvi, 0, 00195, Roma (RM)",Dott. Irma Pennetta
RCCGCM97S47C267Z,"Viale Paolucci, 116 Piano 1, 50025, Baccaiano (FI)",Nadia Rosmini-Manzoni
FSLLNA60M02A747M,"Borgo Ottino, 79, 52016, Pieve A Socana (AR)",Simone Veneziano
VGRGRL56E23F453I,"Incrocio Hugo, 539 Appartamento 4, 74020, Monteparano (TA)",Hugo Montanelli
MDRLND07T23L470S,"Strada Serlupi, 672, 23832, Margno (LC)",Dott. Adriano Beffa
LZUPLA45S30F118P,"Contrada Fabio, 39, 98068, Fiumara (ME)",Sig.ra Fiamma Salgari
LXRPTZ35A64F473P,"Incrocio Anastasi, 24, 26045, Motta Baluffi (CR)",Rossana Monti
NDRLND98H24D321E,"Vicolo Orazio, 89 Appartamento 5, 18025, Piaggia (CN)",Sig.ra Stella Venier
PRTLCU52R30E426X,"Strada Gloria, 37 Appartamento 7, 45024, Fiesso Umbertiano (RO)",Silvia Barese
MNTRMR76R47G870A,"Borgo Cimarosa, 41 Appartamento 50, 63838, Belmonte Piceno (FM)",Maria Navarria
MNNSSN36T19B102T,"Rotonda Ubaldi, 83 Appartamento 2, 47921, Rimini (RN)",Sylvia Traversa
RNLRMN63E61D672G,"Viale Morandi, 9, 34145, Trieste (TS)",Marta Farnese-Udinese
NCLMRA40A47G682H,"Vicolo Gastone, 35, 34125, Trieste (TS)",Maurilio Barberini-Vivaldi
GLDNNZ17S14I592Z,"Stretto Platini, 427, 80066, Fornacelle (NA)",Donatella Cherubini
PTRDNL93P19D630F,"Via Interiano, 64 Appartamento 64, 26824, Cavenago D'Adda (LO)",Filippa Travaglia
GTTVRL07R56B069X,"Borgo Canova, 547, 45034, Canaro (RO)",Francesca Falcone
SDRPLA96D28A975I,"Via Rismondo, 84 Piano 7, 20128, Milano (MI)",Hugo Sabbatini
VTTRGR25D41C747X,"Vicolo Faggiani, 726 Appartamento 7, 38059, Samone (TN)",Sig.ra Fabrizia Cibin
CVLGNE49R02I145M,"Rotonda Terragni, 648 Piano 1, 05039, Stroncone (TR)",Rosalia Monteverdi
MNTGSR49B63H258R,"Strada Errigo, 11 Piano 9, 73033, Corsano (LE)",Elvira Palladio
FNTSLV13M27H712X,"Incrocio Scaduto, 61 Piano 7, 98058, San Basilio Di Novara Di Sicilia (ME)",Piergiuseppe Balbo
SLGMLI24D52A472F,"Viale Gaetano, 95 Appartamento 27, 73033, Corsano (LE)",Letizia Boccioni
BRDRMN12M15I614J,"Canale Montesano, 491, 89039, Plati' (RC)",Dott. Melissa Brugnaro
GTTGLR35B68H117H,"Strada Ignazio, 735 Piano 1, 37040, Caselle (VR)",Rosalia Faranda
NTNMRA21P64E103K,"Contrada Cavanna, 48, 57017, Stagno (LI)",Letizia Tamburi-Sanguineti
GLPRSR09R49D458Y,"Canale Delfino, 0, 41048, Morano (MO)",Dott. Stefani Cardano
CMCSNO46D06C614I,"Vicolo Nonis, 3, 40027, Mordano (BO)",Michela Barese
PZZLCU30S68C489P,"Incrocio Vincenza, 4 Piano 9, 75022, Irsina (MT)",Alina Majorana
PZZLME91P60G407S,"Viale Piermaria, 576, 10030, Villareggia (TO)",Jacopo Varano
CBTGNR89C43B198G,"Strada Carli, 153, 84123, Salerno (SA)",Rosario Lercari
ZTIMRC15T61F614I,"Contrada Comencini, 46 Appartamento 3, 07030, Martis (SS)",Roberto Riccardi
NTNGNN13B41H842K,"Vicolo Trapanese, 582 Piano 7, 70122, Bari (BA)",Gioele Carfagna
CSTNTT95A07E102G,"Incrocio Ceci, 86 Appartamento 97, 80128, Napoli (NA)",Nadia Redi
CRPVEA70A29H898U,"Rotonda Mantegazza, 935 Piano 2, 23821, Crebbio (LC)",Giampaolo Golgi
SMTRMG20P64B181H,"Borgo Taccola, 123, 85035, Noepoli (PZ)",Giovanni Flaiano-Peano
RROLND46R08M015J,"Incrocio Pascarella, 23 Piano 5, 42010, Toano (RE)",Griselda Traetta
FRRGRC10D22A293L,"Piazza Pacetti, 440, 28861, Baceno (VB)",Valeria Pareto
MRCLFD23H57M264Q,"Borgo Visconti, 55 Piano 6, 84121, Salerno (SA)",Baldassare Collodi-Farina
BTTCML77M66A581S,"Viale Paola, 883, 80058, Torre Annunziata (NA)",Aria Mattarella
MNTRCT44A70A762G,"Incrocio Serraglio, 8 Piano 3, 25076, Odolo (BS)",Carmelo Acerbi
CMPDNI81R71G511C,"Borgo Uberto, 163, 16034, Portofino (GE)",Durante Columbo
SLTNTA59M22G294K,"Viale Claudio, 262 Piano 9, 33080, Cimolais (PN)",Ilaria Russo
GRTMRA62D18H420Z,"Incrocio Cilibrasi, 1 Appartamento 9, 41013, Castelfranco Emilia (MO)",Costantino Pavanello
CRFRTR05E46D611G,"Vicolo Gianpaolo, 46 Piano 2, 84025, Eboli (SA)",Adele Collodi
NCCPRN09D01C648Q,"Strada Antonina, 834 Piano 7, 38082, Castel Condino (TN)",Filippa Bernardi
VRNRRA01D15B086Q,"Strada Ferrante, 71 Appartamento 41, 13853, Capovilla (BI)",Sig.ra Concetta Prati
JVNGVN70A59A571Z,"Vicolo Caetani, 875, 39056, Nova Levante (BZ)",Dott. Romana Mozart
FGTRSN30D26F610Y,"Via Livio, 54, 61028, Auditore (PU)",Dott. Oreste Sauro
CRVLLT95R09I910W,"Via Tommaseo, 950, 80066, Montechiaro (NA)",Fiorenzo Bettoni
PTRMRD20D14L346I,"Via Tatiana, 763, 00191, Roma (RM)",Sig. Salvatore Santi
MNCGSR89S56D068E,"Piazza Nino, 29, 50065, Sieci (FI)",Dott. Giuseppe Trussardi
DNZLNE88E16B561U,"Contrada Ubaldi, 87, 90018, Danigarci (PA)",Sophia Malipiero-Cannizzaro
QSMLDC94M17C984H,"Stretto Veronica, 19, 17015, Celle Ligure (SV)",Carlo Trincavelli-Argentero
FNTLNR22H20M415U,"Strada Cilibrasi, 42, 98158, Messina (ME)",Pellegrino Vismara
NDEVRC27H13F110D,"Incrocio Ilaria, 674, 74027, San Giorgio Ionico (TA)",Melissa Zoppetto
CSNRZO15S62H798V,"Piazza Sabatini, 283, 25013, Carpenedolo (BS)",Melina Gagliardi
RBBSTL56T05A799P,"Rotonda Bonatti, 813 Appartamento 8, 47865, Pietracuta (RN)",Niccolò Papetti
MDNRMO93M61A159I,"Canale Fanucci, 58, 00151, Roma (RM)",Raimondo Pareto
CTLMTT14L56H702A,"Stretto Pellico, 38 Appartamento 56, 33042, Buttrio (UD)",Dott. Mariano Valier
MNTSNR07D29E700E,"Strada Boito, 88, 86037, Palata (CB)",Elladio Chittolini
MNRBNC88B12C091D,"Vicolo Cirillo, 739 Appartamento 79, 36016, Thiene (VI)",Sig.ra Carolina Alighieri
BNDSSN09L25A122V,"Piazza Elmo, 34, 26029, Soncino (CR)",Sandro Berrè
CMLNTT08H13H607K,"Borgo Renzo, 754, 80126, Soccavo (NA)",Jolanda Pellegrini-Cabrini
VNTVRN03S17B043W,"Stretto Donarelli, 1 Piano 3, 64100, Cartecchio (TE)",Letizia Montalti
BNGMTT42E70E244T,"Incrocio Piergiuseppe, 15 Appartamento 7, 24061, Albano Sant'Alessandro (BG)",Maura Gabba
PPEGCT25T66A309A,"Via Fabia, 880, 53015, Tocchi (SI)",Lorenzo Bajamonti
ZRLCLL66H30E818Q,"Borgo Pedrazzini, 82, 28015, Momo (NO)",Sig.ra Milena Traetta
MSTCLC45D51G412B,"Rotonda Ornella, 29, 32037, Mis (BL)",Sig. Enzo Zanzi
PSQLRT29H09F441F,"Strada Nadi, 97, 27016, Lardirago (PV)",Concetta Meucci
GLNGNR05D49C735G,"Rotonda Granatelli, 80, 07036, Sennori (SS)",Stefani Soffici
RNCFLR83E28I876X,"Vicolo Gaspare, 814 Appartamento 1, 53025, Saragiolo (SI)",Gianni Bacosi
MNCPRI53A50A374J,"Incrocio Rienzo, 340, 07028, Santa Teresa Gallura (SS)",Giacinto Respighi
FRRTTE85H24D865M,"Viale Detti, 84, 82021, Apice (BN)",Laura Caccioppoli-Spallanzani
CRDGLI12E41G154E,"Strada Virgilio, 240, 20075, Colturano (MI)",Stefania Fantozzi
SDRTTE53B06H949O,"Via Sonia, 43, 92020, Castrofilippo (AG)",Dino Luxardo
TMBGLI54E69F551Q,"Piazza Marta, 92 Appartamento 44, 80143, Napoli (NA)",Giulio Opizzi
TMSGBL39C57E659N,"Piazza Toni, 94 Appartamento 5, 24122, Bergamo (BG)",Giampaolo Piacentini
RSNDMN92H67I073K,"Borgo Emma, 10 Piano 6, 35010, Ca' Baglioni (PD)",Gino Chiesa
FRMRFL90P56E997C,"Via Cavalcanti, 25, 33037, Colloredo Di Prato (UD)",Ippazio Roccabonella
RRGVNN87M62A947J,"Via Michelotto, 17, 58026, Boccheggiano (GR)",Dott. Ugo Favata
SBLVLR57L10C582J,"Canale Susanna, 13, 00152, Roma (RM)",Alessio Orengo
SCTRML01M63A710W,"Viale Camuccini, 72 Appartamento 19, 15026, Carentino (AL)",Michela Carfagna
VRGVRN24A01D817E,"Strada Giada, 4, 90022, Caltavuturo (PA)",Daria Burcardo
MDCLSI15S23A162Q,"Vicolo Mezzetta, 5 Piano 1, 22035, Canzo (CO)",Dott. Armando Omma
DNDDLS28T05E147N,"Stretto Santi, 2, 86095, San Pietro In Valle (IS)",Fiorenzo Bragadin-Ferragni
LGHGNI98R48I188A,"Canale Leone, 1 Piano 4, 13019, Varallo (VC)",Amadeo Aloisio
GLTLCU09R12I462Y,"Contrada Giacconi, 0, 61034, Fossombrone (PU)",Dott. Carla Vezzali
MLSRST13H50D641H,"Canale Adamo, 379, 38092, Valda (TN)",Dino Tron
MNTLTZ52M05D469Y,"Strada Muti, 638 Piano 0, 37049, Villa Bartolomea (VR)",Giacinto Camanni
GRZMBT19T41L773Z,"Strada Gionata, 6, 71018, Vico Del Gargano (FG)",Tiziano Niscoromni
RZZPSL43M48C534S,"Via Marsili, 95, 36043, Camisano Vicentino (VI)",Sig.ra Adriana Pavarotti
CMSPLM86B16H839V,"Borgo Scalfaro, 6 Piano 9, 75016, Pomarico (MT)",Raffaele Mannoia
FRMVTR71D41G556M,"Vicolo Cignaroli, 64 Appartamento 8, 82033, Civitella Licinio (BN)",Ciro Falier
BLLMSM07E62B578P,"Contrada Marrone, 567, 88813, Ciro' (KR)",Maria Collodi
MNTGRM48A67I265O,"Contrada Raffaella, 48, 13040, Borgo D'Ale (VC)",Manuel Cimini
BRSSIA05E15E202F,"Strada Guglielmo, 71, 40051, Pegola (BO)",Alessandra Chiappetta
GRMNTA16C01C596X,"Incrocio Leoncavallo, 232, 45010, Rosolina Mare (RO)",Irma Iannotti
GSTLSN69M16D219P,"Stretto Ferrante, 7, 84050, Futani (SA)",Paloma Cainero
PRRSLS52A54C987Q,"Vicolo Armellini, 53 Appartamento 5, 15061, Arquata Scrivia (AL)",Sig. Ruggiero Vespa
CSLLVR74C23M081R,"Piazza Dolores, 48, 61041, Pole (PU)",Girolamo Gianvecchio
GRSPLG77R45L235U,"Strada Matteo, 47, 53031, Monteguidi (SI)",Cirillo Galuppi
TDSFLV95H53L155N,"Contrada Chindamo, 28, 06053, San Niccolo' Di Celle (PG)",Alessia Tolentino-Cadorna
CFFTMT26R64I701I,"Piazza Beppe, 23, 71025, Castelluccio Dei Sauri (FG)",Dott. Germana Nordio
PLCMRH89B03I749B,"Piazza Marsili, 11 Piano 1, 14049, Vaglio Serra (AT)",Sig.ra Lucia Malenchini
TFRLRN74M48H120B,"Strada Iadanza, 863 Appartamento 98, 80032, Casamarciano (NA)",Raffaello Filangieri
BTTLNE12P14I844T,"Via Maria, 741, 56122, Pisa (PI)",Federigo Eco
PZZFBA50R20E817R,"Contrada Zito, 23 Piano 0, 51018, Pieve A Nievole (PT)",Melissa Lucarelli
LPRRFL69S51L377V,"Rotonda Ioppi, 57, 67046, Ovindoli (AQ)",Fernanda Scalfaro-Bersani
FLCVRN76R26A949J,"Vicolo Benedetto, 0 Piano 3, 81028, Santa Maria A Vico (CE)",Valeria Salata
BRRSNO02E19G833Q,"Vicolo Cerutti, 9, 35037, Treponti (PD)",Marcantonio Barillaro
SGNFLV02C71A616K,"Stretto Rodolfo, 67 Appartamento 8, 20009, Vittuone (MI)",Paulina Oscuro
GRZGSR26H45L625U,"Via Erika, 181 Piano 9, 95022, Aci Catena (CT)",Matilda Fallaci
SLASTN05M04B759Q,"Stretto Giovine, 18 Piano 8, 13831, Mezzana Mortigliengo (BI)",Puccio Cianciolo-Migliaccio
TRTLSN46E26B161Z,"Vicolo Gullotta, 333, 95126, Ognina (CT)",Renzo Boezio-Chechi
NTNPSL57L45H829F,"Contrada Luciano, 1 Piano 3, 20049, Settala (MI)",Gianluca Gravina
NTRRND43M62A138U,"Canale Fredo, 4 Piano 8, 35025, Cagnola (PD)",Fulvio Pace
FNZPRG15D51L574F,"Viale Ermes, 6, 26814, Livraga (LO)",Rodolfo Sommaruga
JVNGNN63H54I202M,"Contrada Beppe, 9 Appartamento 7, 13034, Lignana (VC)",Bruno Vitturi
PSTFLP15A61I005P,"Vicolo Bernardi, 224, 88813, Ciro' (KR)",Dott. Priscilla Morandini
ZGRSNO65P19A902E,"Borgo Orazio, 4 Appartamento 25, 80078, Lucrino (NA)",Sig. Giacobbe Caccianemico
VNLRMD11L56E668E,"Strada Corrado, 715, 73057, Taviano (LE)",Isa Chigi
TRNSYV29P15I991B,"Stretto Letizia, 98 Piano 4, 55045, Crociale (LU)",Dott. Luca Turci
TMSLCZ32A05F067B,"Incrocio Longhena, 962, 81054, San Prisco (CE)",Nicola Botta
LVTCLD82M50M141F,"Via Chiara, 1, 35122, Padova (PD)",Eleanora Molesini
LNCMLN87S11C269U,"Via Barbara, 36, 50059, Spicchio (FI)",Matilda Barese
BRMPSL76S65B640S,"Rotonda Colletti, 843, 92015, Raffadali (AG)",Ansaldo Leonardi-Surian
PSSLDA53S63A100P,"Incrocio Venditti, 42 Appartamento 9, 21048, Monte (VA)",Silvia Botta
BRMMRD27R10G523E,"Borgo Anita, 80, 85040, Pedali Di Viggianello (PZ)",Sig.ra Virginia Toscani
NCLGBL95M10H558D,"Via Silvia, 994 Piano 1, 32037, Mis (BL)",Dott. Ciro Cundari
CVLFDC43T02L050P,"Vicolo Fittipaldi, 82 Appartamento 59, 08032, Desulo (NU)",Luciana Taliani
RDESYV10B18A763D,"Rotonda Ugolino, 537 Appartamento 8, 47900, San Fortunato (RN)",Michelangelo Prada
VRGTMT35E53E974Q,"Piazza Sgalambro, 81 Piano 0, 40062, Marmorta (BO)",Galasso Travaglia-Greggio
TCCLLR87C12I196S,"Via Tullio, 49 Piano 9, 38012, Vervò (TN)",Elmo Novaro
LBLFRN89H05I084P,"Via Giuseppina, 129 Piano 9, 64031, Arsita (TE)",Natalia Tarchetti-Berengario
CMSGSN30S43L568J,"Piazza Giovanni, 78 Appartamento 15, 63078, Pagliare (AP)",Guglielmo Bulzoni
CMNFDG44M62C560P,"Rotonda Angelina, 26 Piano 4, 23841, Annone Di Brianza (LC)",Gelsomina Pizzamano
SPLNDD54A10H647N,"Stretto Francesca, 2, 28045, Invorio (NO)",Rosario Camanni
SBBNNS00C08C573O,"Rotonda Giancarlo, 51 Piano 2, 26017, Pieranica (CR)",Rosina Polani
GNTSYV68P28L983R,"Stretto Elmo, 5 Appartamento 63, 28076, Pogno (NO)",Sig.ra Vanessa Majewski
VVLPRN12S59A101H,"Vicolo Tirabassi, 69, 76123, Montegrosso (BT)",Dott. Ida Belletini
MNDSNT81S41L682O,"Rotonda Ezio, 70 Piano 9, 04019, Terracina (LT)",Gloria Bragadin
DDUMLN55T30A447R,"Contrada Biagio, 5, 25060, Marmentino (BS)",Lara Filogamo-Civaschi
TCCLFD89S42I114L,"Rotonda Romina, 99 Piano 3, 87042, Altomonte (CS)",Sylvia Galiazzo
RGNCTN04A24A239F,"Piazza Giulietta, 8 Piano 2, 34148, Trieste (TS)",Dott. Toni Cesarotti
JLNFLP24M64D802P,"Piazza Pincherle, 571 Piano 1, 64011, Alba Adriatica (TE)",Gilberto Ferrazzi
CHGGTN45B58D271J,"Rotonda Farina, 919 Piano 4, 95028, Valverde (CT)",Nadia Leone-Gioberti
VRDGNE54B19F914J,"Contrada Gilberto, 18 Piano 3, 56126, Pisa (PI)",Giuliana Guarato
RSMFDC73M46D538X,"Vicolo Maria, 2, 98161, Messina (ME)",Gianfranco Nitti
CVLMCL54E60I844B,"Strada Vattimo, 633 Appartamento 2, 18021, Borgomaro (IM)",Iolanda Gramsci-Rossetti
RMNNTL31S27F516V,"Strada Borsiere, 2 Appartamento 46, 35024, Bovolenta (PD)",Adriana Trincavelli-Busoni
MTUDLM60T67D640R,"Via Irma, 3, 18021, Borgomaro (IM)",Lando Bondumier
GVNVNS30R13L126K,"Incrocio Alphons, 59 Piano 1, 35012, Camposampiero (PD)",Flavia Scamarcio
TNZPRD32B48G205C,"Piazza Tiziano, 75, 09098, Tanca Marchese (OR)",Dott. Evangelista Petrassi
DNSSTN98C08E154S,"Contrada Gregori, 1 Appartamento 11, 28068, Romentino (NO)",Giampaolo Semitecolo
GLTMRN24A57I759A,"Contrada Quasimodo, 37 Appartamento 4, 85056, Ruoti (PZ)",Nicoletta Garozzo
FRRGRL46A10H779D,"Strada Leone, 65 Appartamento 2, 84065, Piaggine (SA)",Eva Mastandrea
ZNZRFL03H48G435T,"Contrada Marcella, 346, 26018, Trigolo (CR)",Galasso Galiazzo
PLMRLD16C42I686S,"Canale Capuana, 14 Piano 8, 22017, Menaggio (CO)",Giosuè Berengario-Liverotti
GZZLRA52T24F675G,"Borgo Stefani, 3, 42026, Canossa (RE)",Ippazio Mantegazza
NNTCRL19S19I071X,"Vicolo Giannotti, 677, 24059, Basella (BG)",Danilo Romiti
PSRMDA57B41I608K,"Vicolo Zaira, 43, 57034, Campo Nell'Elba (LI)",Giovanni Curci
MTAPRG09T65A566O,"Contrada Torquato, 6 Piano 5, 95035, Maletto (CT)",Lauretta Garobbio
CTRDLA87R30G542B,"Stretto Donà, 886 Piano 4, 28817, Miazzina (VB)",Antonia Calgari
SRDLSN20E06C552W,"Borgo Peano, 13 Piano 5, 87056, Santo Stefano Di Rogliano (CS)",Marcello Cannizzaro
VRNGDI16C01D650Z,"Piazza Morucci, 647 Appartamento 29, 21023, Besozzo (VA)",Ludovica Turrini
BNDLNA60R17F682V,"Rotonda Filippo, 48 Appartamento 8, 33050, Gonars (UD)",Anita Trupiano
MRNPRR16E56L589B,"Canale Geronimo, 51 Piano 4, 36078, Castelvecchio (VI)",Laura Pascarella
PLZGLR90T26L922Z,"Viale Imelda, 50, 55038, San Romano In Garfagnana (LU)",Dott. Giancarlo Torlonia
GBLRSR32A27G195T,"Stretto Boccherini, 75, 28011, Armeno (NO)",Sig.ra Romana Magrassi
VZZLSU90B07M208T,"Stretto Gianni, 8 Appartamento 8, 20871, Vimercate (MB)",Sig. Telemaco Crispi
MRBLRN91B55B268I,"Stretto Stella, 80, 86018, Toro (CB)",Benito Spinola
TRPRNL01S27I501G,"Strada Giorgio, 88 Appartamento 91, 09028, Sestu (CA)",Nico Cherubini
TRZFRC57H56D830W,"Strada Adriana, 782, 20052, Vignate (MI)",Lidia Agostini-Giacometti
DSSPSL41B49C210P,"Viale Ranieri, 16, 03026, Pofi (FR)",Guarino Camicione-Martinelli
BRGNTN15S22A192G,"Incrocio Camillo, 77, 87010, San Basile (CS)",Dott. Patrizia Foletti
FFRLSS66M53L671V,"Rotonda Dino, 4, 20862, Arcore (MB)",Adele Boito-Satta
BSNPNI64H06L219O,"Incrocio Guinizzelli, 84 Appartamento 16, 52100, Puglia (AR)",Giacinto Leonetti
RSPCLR86T64D876U,"Strada Durante, 985 Piano 5, 84017, Montepertuso (SA)",Sig.ra Annunziata Toldo
TRLLND58S03H187L,"Canale Morrocco, 90 Appartamento 33, 98138, Pezzolo (ME)",Aria Salvemini-Tagliafierro
PNCFLP68C57M082R,"Strada Giacconi, 59 Appartamento 85, 87010, San Martino Di Finita (CS)",Donatella Gualtieri
VCLFBZ87A63A113Q,"Vicolo Sagnelli, 4, 35048, Stanghella (PD)",Priscilla Miniati
SRRRNL33A26E531D,"Canale Barracco, 47 Appartamento 94, 60124, Ancona (AN)",Paoletta Treccani
CLRMSM63S58E734R,"Piazza Giulietta, 72 Appartamento 65, 12019, Vernante (CN)",Giada Trillini
PRTGNG08B54F138M,"Borgo Boaga, 2, 06123, Perugia (PG)",Lisa Marini
CBBTNO73A56F371P,"Contrada Sauli, 9 Appartamento 24, 82010, Perrillo (BN)",Tiziana Raurica-Albertini
BDNLNA27C14D835P,"Strada Nina, 15, 12012, Fontanelle (CN)",Licia Muti-Fo
LNFFRC99M11A049Q,"Canale Gilberto, 566 Piano 9, 73016, San Cesario Di Lecce (LE)",Dott. Letizia Michelangeli
MNNVTR83P13F751H,"Incrocio Danilo, 4 Appartamento 4, 28896, Quarna Sotto (VB)",Pomponio Finzi
BTALCN34R61B264R,"Incrocio Finetti, 324, 10125, Torino (TO)",Veronica Asprucci-Druso
SRMNCL91L67I172P,"Borgo Gonzaga, 66, 20079, Basiglio (MI)",Monica Guarneri
SPDGUO30T49A465O,"Contrada Morena, 9 Piano 9, 36033, Isola Vicentina (VI)",Donatello Faggiani
VLLGLI98D56H967U,"Via Gianluca, 46 Appartamento 6, 57123, Livorno (LI)",Dott. Evangelista Zacchia
JLNCRL31L59D901F,"Rotonda Bignami, 97 Appartamento 77, 64014, Villa Rosa Di Martinsicuro (TE)",Giada Ciani
VRGPRD25S70L239I,"Vicolo Crespi, 887 Appartamento 90, 53011, Fonterutoli (SI)",Gianfrancesco Versace
DSSVNN88H54C420H,"Stretto Aria, 54, 33051, Belvedere (UD)",Adamo Medici
FLRNSD02B46B365F,"Stretto Luigi, 564 Piano 4, 47011, Pieve Salutare (FC)",Dott. Tiziano Basso
CMNGVN10P01F417X,"Canale Cesare, 7, 10023, Pessione (TO)",Isabella Saragat
DTTMLI90R69A780Q,"Vicolo Silvestri, 362, 97013, Pedalino (RG)",Sig.ra Gabriella Crespi
MNZBGI45H60C936B,"Canale Orlando, 59, 23018, Talamona (SO)",Baccio Spanevello
SRRMLI91D68F542M,"Piazza Ubaldi, 226, 15059, Monleale (AL)",Sig. Ranieri Puglisi
CRSMCL64D63G579S,"Borgo Gianluigi, 84 Piano 9, 71016, San Severo (FG)",Leopoldo Maglio
RGGRGR52M71D471H,"Strada Cappelli, 28, 80139, Napoli (NA)",Milo Ludovisi
ZNZVLR87P26E662V,"Stretto Coluccio, 568 Piano 8, 12075, Cerisola (CN)",Marissa Rapisardi-Salieri
GNNMRD56T05L223M,"Via Pacillo, 614, 40068, Farneto (BO)",Fiamma Gaggini
NSGTLL07P51E227B,"Rotonda Silvestro, 2 Appartamento 38, 17051, Marina Di Andora (SV)",Marcello Germano
LRDZEI11M47I438T,"Borgo Silvio, 0, 28822, Cannobio (VB)",Rosina Riccati
CLGSNO82L07M122O,"Canale Chiara, 7 Appartamento 6, 86048, Sant'Elia A Pianisi (CB)",Alessio Vercelloni
CSTGLR19H70D798Q,"Strada Pisani, 21, 12063, Dogliani (CN)",Maria Marcacci
PZZGSI27L42C884K,"Incrocio Umberto, 2, 06122, Perugia (PG)",Sig. Romolo Boccherini
BRDMRL28M70B939K,"Vicolo Buonauro, 54 Piano 3, 20068, Bettola (MI)",Sig.ra Dolores Tomaselli
DPRGLN05S42A196A,"Piazza Pavarotti, 80, 35046, Saletto (PD)",Lidia Comolli
CRCNTN64C58L555B,"Stretto Chigi, 616 Piano 7, 39019, Tirol (BZ)",Giuseppe Capone
BJMGDU12D53B428I,"Piazza Gentilini, 312, 26027, Rivolta D'Adda (CR)",Gustavo Gozzi
MNGGRG62L59B272B,"Incrocio Benito, 191, 42028, Poviglio (RE)",Giustino Viviani
GRGFMM60P16C661J,"Viale Dino, 37 Appartamento 31, 46024, Moglia (MN)",Luchino Biagiotti
RBBVNC64E62M267B,"Contrada Tozzi, 17, 20058, Zibido San Giacomo (MI)",Ennio Catalano
GLGSNT68A58L799W,"Piazza Nico, 92 Piano 1, 34147, Trieste (TS)",Clelia Comolli
SDDMLI15C63H856L,"Canale Giancarlo, 2 Appartamento 8, 19100, La Spezia (SP)",Nedda Finetti
TMSNDA72P04I423L,"Stretto Camiscione, 43, 28844, Villadossola (VB)",Maria Tartaglia
TRVLNR44P25G435V,"Stretto Vidoni, 56, 37059, Zevio (VR)",Simonetta Pagnotto
MNGNNS23T30B681R,"Via Bodoni, 75 Piano 6, 33100, Baldasseria (UD)",Dott. Fausto Pratesi
TSSNNL76B48A514B,"Contrada Curiel, 7 Piano 7, 25045, Castegnato (BS)",Alderano Infantino
CBBPMN86A63H573V,"Canale Giannone, 940, 06059, Todi (PG)",Emma Turchi
FCNTZN78C66G728D,"Rotonda Fausto, 555, 86025, Ripalimosani (CB)",Romeo Trevisani
SDDMLN88A07D119R,"Borgo Pier, 562 Appartamento 5, 81027, Cancello Di Ferrovia (CE)",Gaspare Panatta-Quasimodo
LNZCRI38C57G949W,"Piazza Ottino, 2 Appartamento 3, 73042, Casarano (LE)",Arnulfo Morrocco
CPPFRN27L05F793M,"Via Bataglia, 24 Appartamento 77, 28899, Arola (VB)",Ornella Vigliotti
FLTBRT58D62B648O,"Vicolo Amato, 37 Piano 1, 14024, Moncucco Torinese (AT)",Bartolomeo Delle
SLNSNR28C29D469W,"Canale Vigorelli, 0 Piano 3, 13011, Isolella (VC)",Mercedes Manunta
VSNLCN09D28D258R,"Incrocio Celentano, 3 Piano 6, 90132, Palermo (PA)",Manuel Faranda
MNZMRN73C09B577P,"Vicolo Bernardini, 5 Piano 9, 13818, Tollegno (BI)",Serena Trincavelli
GLRDRN64P26M326D,"Vicolo Mazzini, 1, 73050, Santa Chiara Di Nardo' (LE)",Benedetto Flaiano
VRRRNT95D41I615J,"Contrada Rizzoli, 82 Appartamento 81, 42042, Fabbrico (RE)",Daria Camuccini
NTTTNN86D62F065R,"Rotonda Polani, 30 Appartamento 9, 35038, Torreglia (PD)",Corrado Aporti-Nicolini
FRNDIA64L16A346H,"Viale Ferrante, 97, 47035, Gambettola (FC)",Milena Casalodi
PLMDMN04P68F904E,"Rotonda Ivo, 74, 98050, Malfa (ME)",Dott. Torquato Pedrazzini
SMTSNO37D27H514E,"Vicolo Marenzio, 873, 91100, San Giuliano Trentapiedi (TP)",Concetta Brunelleschi
CVNGLR74P05G157I,"Piazza Marissa, 10 Piano 9, 31052, Maserada Sul Piave (TV)",Lina Sordi
CRECRD51H44L807F,"Stretto Ossola, 97 Appartamento 80, 20070, Vizzolo Predabissi (MI)",Dott. Alberto Bompiani
NDEMRD16H27B511I,"Via Marina, 79, 11014, Saint Oyen (AO)",Sig. Cipriano Maderno
RCCFRC75C50G808D,"Canale Foconi, 33, 66052, Gissi (CH)",Dott. Lucia Zoppetto
MPSCSN53D57C801I,"Canale Fagiani, 941 Piano 0, 50061, Compiobbi (FI)",Adele Chinnici
CSGSMN96S42E968D,"Incrocio Massimo, 194, 25024, Castelletto Di Leno (BS)",Luisa Poerio
MNNRMR92H62F822D,"Canale Edoardo, 5 Appartamento 1, 91027, Nubia (TP)",Patrizio Pavone-Ariasso
VSPRSN50R15F275I,"Borgo Giorgio, 71, 44121, Ferrara (FE)",Elvira Acerbi-Abate
MSCLNA95T22A387V,"Contrada Gioacchino, 83, 24030, Valbrembo (BG)",Dott. Pina Valier
GBBMRC58M61F078L,"Rotonda Ferdinando, 2 Appartamento 54, 89819, Monterosso Calabro (VV)",Sig.ra Alessia Guariento
SRNLCN35T70F483L,"Vicolo Durante, 746 Piano 9, 73014, Gallipoli (LE)",Etta Novaro
TRBGSR18R53I562W,"Stretto Bergoglio, 58, 61033, Fermignano (PU)",Giulietta Vercelloni
BNDNTL30L20I622Y,"Strada Panzera, 7 Piano 1, 82031, Amorosi (BN)",Sig.ra Isabella Delle
RBBSVD63R51C357Y,"Stretto Luca, 62 Piano 9, 41025, Acquaria (MO)",Sig. Luchino Campise
FGNNNS43S09B181O,"Canale Eraldo, 6, 34125, Trieste (TS)",Sig. Gianfranco Eco
RGGLRI93L24A085N,"Contrada Gianfrancesco, 42 Piano 3, 95034, Bronte (CT)",Caterina Puglisi
LGNRSN61M42A834Q,"Canale Golgi, 9, 38033, Carano (TN)",Ermes Gasperi
NNZTZN80R15B845H,"Incrocio Claudia, 7, 25054, Marone (BS)",Guglielmo Marconi
MLNCRL84P45E520D,"Contrada Alderano, 55, 40124, Bologna (BO)",Nedda Farinelli
CRELBT98C46D462H,"Stretto Ettore, 396 Piano 9, 08026, Orani (NU)",Piergiuseppe Ferragamo-Moresi
NDRSTN63R22E563J,"Viale Giannelli, 15 Piano 8, 40138, Bologna (BO)",Sig.ra Adelasia Boitani
GNNTZN86M23I185C,"Vicolo Respighi, 896 Piano 4, 24019, Poscante (BG)",Lina Martinelli
GLRGSN50H54H802K,"Canale Antonio, 9, 15064, Fresonara (AL)",Donatella Pizziol-Fo
GRBGRG29C04M214D,"Canale Pietrangeli, 44, 28897, Fornero (VB)",Bartolomeo Barcella
VGLLGO30P28G522N,"Stretto Teresa, 995 Appartamento 19, 89100, Reggio Calabria (RC)",Cristina Nordio
GGLLSI54L11C240M,"Borgo Mirko, 44, 71038, Pietramontecorvino (FG)",Leone Nicolini-Donati
CLIFRN25T47B079G,"Strada Palombi, 417, 70122, Bari (BA)",Dott. Erika Zichichi
SQRBNN42E57C847Y,"Strada Benito, 10 Appartamento 3, 46037, Casale (MN)",Salvi Cugia
GBBLND99C48M431C,"Strada Niccolò, 19, 24023, Clusone (BG)",Osvaldo Errani
FNTLCZ99M29L892O,"Borgo Giuseppina, 576 Appartamento 93, 70016, Parco Scizzo (BA)",Dott. Claudio Barozzi
NTRLDA53C61E010V,"Vicolo Galiazzo, 920 Piano 7, 95017, Presa (CT)",Maria Piazzi
GHUGCM45B45C306M,"Borgo Isa, 18 Appartamento 3, 75019, Tricarico (MT)",Bruno Lombroso
TRTPCC45T66D284L,"Vicolo Piane, 0 Piano 3, 95019, Sarro (CT)",Gino Gulotta
CMBRMN88S47M065B,"Vicolo Riccardi, 751 Appartamento 6, 80044, Ottaviano (NA)",Filippa Piacentini-Cicala
MSTLNA29E13E731G,"Piazza Lazzaro, 68 Piano 1, 00079, Rocca Priora (RM)",Annunziata Lussu
MRSFRN31T10M341Q,"Stretto Serafina, 26, 12025, Montemale Di Cuneo (CN)",Emma Andreotti
VCLFLV86T57L444K,"Rotonda Angelina, 0, 37022, Cavalo (VR)",Franco Manacorda
CFRLLD78E64G934U,"Stretto Gabba, 6 Appartamento 79, 67064, Pereto (AQ)",Sig.ra Paulina Casalodi
GZZDMA93P59D021N,"Vicolo Interminelli, 5 Appartamento 40, 81012, Marciano Freddo (CE)",Eugenia Celentano
CCCSTN71T05B281M,"Contrada Pacetti, 480, 87027, Paola (CS)",Lucrezia Castiglione
CCEPLT11M14B525I,"Strada Giada, 8, 86089, Villa San Michele (IS)",Martino Molesini
TZZNTA95P14H723F,"Strada Cesare, 0 Piano 3, 23022, Bette (SO)",Dina Bartoli
TRVBNT84B57E799V,"Borgo Alderano, 7, 22100, Como (CO)",Sergius Ludovisi
RSSMRN78C17B176M,"Vicolo Bruno, 82, 30135, Santa Croce (VE)",Ludovico Caracciolo
FGGMNC31B25E022Z,"Strada Manunta, 96, 28845, Domodossola (VB)",Marta Bramante
TRRSLV86S46C356L,"Canale Ariosto, 87 Appartamento 3, 53048, Scrofiano (SI)",Virginia Dallapé-Chigi
GLTDLA56H09D234U,"Contrada Franzese, 49, 14049, Nizza Monferrato (AT)",Sig.ra Aurora Chiaramonte
GRBLMR94S42C076T,"Piazza Guarino, 852, 80142, Napoli (NA)",Corrado Toninelli
TPLSTN25S21B250K,"Rotonda Gussoni, 726, 35021, Agna (PD)",Eva Gramsci-Fantini
VRRSSN26E16I549E,"Canale Fiorino, 4, 23844, Sirone (LC)",Marissa Bompiani
STRGRG33R17D796J,"Contrada Seddio, 733 Piano 3, 27058, Voghera (PV)",Morena Pucci
BLDLVI79C45D266U,"Via Teresa, 1, 23885, Arlate (LC)",Stefani Catalano
CMCLLR30P29A506L,"Contrada Erika, 73 Piano 5, 95100, Catania (CT)",Margherita Calarco
LGNLCU12M46M351Z,"Incrocio Rodolfo, 469, 81059, Santa Lucia (CE)",Victoria Bertolucci
SCTPLA75D11D545G,"Canale Maria, 474 Appartamento 93, 20865, Usmate Velate (MB)",Giuseppe Bellò-Farinelli
BRGSTN14E62A646F,"Piazza Patrizia, 56, 60124, Ancona (AN)",Pietro Leopardi
BCSVLT93D15D101C,"Contrada Babbo, 8, 10135, Torino (TO)",Alphons Botticelli
LNZPRS14T54C359S,"Piazza Maderno, 797, 12013, Chiusa Di Pesio (CN)",Etta Aporti
MNNLVI60D61F109E,"Rotonda Brugnaro, 397 Appartamento 49, 29100, San Lazzaro Alberoni (PC)",Gioacchino Zetticci-Chindamo
MCHJLD51S10I704L,"Via Massimiliano, 92 Appartamento 80, 31037, Bessica (TV)",Nanni Soranzo-Murialdo
GRNRSL14L03L013X,"Stretto Etta, 27, 92026, Favara (AG)",Valeria Mazzocchi
GLDRFL70P64F777Z,"Piazza Zetticci, 87, 14011, Baldichieri D'Asti (AT)",Eleanora Corcos-Botta
TRPLVR54R13D010H,"Contrada Marina, 35, 67034, Pettorano Sul Gizio (AQ)",Dott. Alessandro Grifeo
CLLVNS32D29E147N,"Rotonda Casale, 8, 93013, Mazzarino (CL)",Licia Cattaneo
FDRRMN45L51B999R,"Contrada Salvatore, 57, 37069, Quaderni (VR)",Morena Rusticucci
GGLRSN45E63A218Y,"Rotonda Ettore, 71, 07011, Bono (SS)",Gioachino Gritti
ZCCLGO54A13L795Q,"Vicolo Severino, 40, 90024, Gangi (PA)",Natalia Stein
BTTGDI88H14H958E,"Contrada Beccaria, 22 Appartamento 93, 63081, San Silvestro (AP)",Dott. Gabriella Savorgnan
SDDLCI81M08G687T,"Rotonda Canova, 54 Appartamento 69, 56031, Quattro Strade (PI)",Ferdinando Vattimo-Serraglio
CHRLSI62A28H514Q,"Viale Pietro, 4 Piano 4, 23025, Campo (SO)",Tatiana Barcaccia-Gregori
ZCCRMN61M62D402K,"Viale Lodovico, 96, 06034, Fiamenga (PG)",Dott. Benedetto Gozzi
BNNPTZ47C48G455I,"Rotonda Ermes, 476, 20863, Concorezzo (MB)",Lidia Sagredo
MRLRMN78T51G488R,"Piazza Olga, 67 Piano 5, 26039, Ca' De' Stefani (CR)",Arsenio Cundari
SRNPRG24S54I056M,"Stretto Trupiano, 396 Piano 5, 28819, Vignone (VB)",Valentina Petrocelli
PDVRMD07L47A055C,"Viale Camillo, 74, 23883, Beverate (LC)",Martino Traetta
CNTLSI15M29H918B,"Rotonda Girolamo, 630 Appartamento 18, 55039, Sillano Giuncugnano (LU)",Amanda Branciforte
BTTLNA85C20C971W,"Via Buonauro, 8, 16027, Propata (GE)",Dott. Amleto Mazzini
FSNMRH96H04C055W,"Vicolo Goffredo, 129 Piano 7, 82019, Sant'Agata De' Goti (BN)",Silvia Tedesco
TRMLSU09B09D255T,"Borgo Corrado, 364, 25041, Boario Terme (BS)",Coriolano Vento-Bandello
MTAMCL47D04L195B,"Via Emanuelli, 597, 80079, Procida (NA)",Beppe Raimondi
PGLSRN64T27H738U,"Rotonda Trapanese, 42, 67057, Venere (AQ)",Dott. Gioacchino Bernetti
PZZMRS04B28L335T,"Vicolo Ioppi, 6 Piano 8, 07043, Bonnanaro (SS)",Vittorio Castiglione
CNLGCM80D67A756B,"Rotonda Zaccardo, 51 Piano 6, 88021, Roccelletta (CZ)",Fabia Giannuzzi
GRZPRI15D46A630G,"Strada Franco, 33 Piano 4, 06066, Piegaro (PG)",Victoria Zarlino
FDRGSR05M64H683F,"Stretto Guglielmo, 929 Appartamento 9, 55051, Castelvecchio Pascoli (LU)",Aurora Valentino-Tropea
VSPLGN95L13F267L,"Stretto Donarelli, 143 Appartamento 0, 12026, Piasco (CN)",Gianluca Bernardi
VLRNTL93T20L049P,"Strada Pavone, 3, 24021, Desenzano Al Serio (BG)",Dott. Lazzaro Rastelli
PNTMNL55H42H757H,"Stretto Parini, 12, 00137, Roma (RM)",Lucio Mantegna
MLPMBT73R71A210B,"Borgo Sandra, 64 Appartamento 23, 85015, Oppido Lucano (PZ)",Ottone Crispi-Lerner
GNSBRN71L57E069I,"Viale Mannoia, 64 Appartamento 37, 48025, Riolo Terme (RA)",Rosina Ruggieri-Collodi
MZZSLT93C47C901Y,"Rotonda Pasqual, 2 Appartamento 8, 74121, Taranto (TA)",Dott. Etta Gucci
PZZCSN41D44E473F,"Contrada Antonina, 1 Appartamento 4, 15077, Predosa (AL)",Gloria Favata
FRRNTN00L42H591R,"Strada Pomponio, 3 Appartamento 58, 22075, Lurate Caccivio (CO)",Bartolomeo Papetti
TRCLSS87L16B934B,"Borgo Tiepolo, 35 Piano 7, 28812, Aurano (VB)",Umberto Bragaglia
MNNFLP06T04C917Q,"Incrocio Ferraris, 31, 24067, Sarnico (BG)",Gianfranco Perozzo
FLRDNI46S69A713M,"Via Guarino, 39, 02049, Torri In Sabina (RI)",Antonina Sagnelli-Gulotta
MSCBNT44C45C440C,"Canale Falloppio, 5 Piano 0, 17010, Osiglia (SV)",Gianluigi Sforza
CVLRNL14B23A690M,"Via Serafina, 81 Appartamento 8, 00035, Olevano Romano (RM)",Ludovico Pietrangeli-Binaghi
LNFTNI50P03H126U,"Viale Arsenio, 2, 54035, Caniparola (MS)",Antonella Vittadello
TNCDIA97L20L751S,"Stretto Fattori, 13, 13049, Tronzano Vercellese (VC)",Giulio Matteotti-Petralli
CNNNTT62A23G475Q,"Rotonda Bonomo, 90 Appartamento 33, 21015, Tornavento (VA)",Sig.ra Berenice Speri
RSSGCN14S52H480J,"Piazza Paloma, 74 Appartamento 3, 11012, Epinel (AO)",Beatrice Legnante
PRTZGL36H46G315F,"Canale Nicoletta, 9 Appartamento 8, 15058, Viguzzolo (AL)",Sig.ra Fabia Casellati
BRNSRS21D67C812O,"Strada Marco, 7, 24047, Geromina (BG)",Orlando Saffi
CRSDLM97M48H850Y,"Contrada Pellegrini, 6, 83048, Montella (AV)",Erika Marazzi
LMBLNE40T41I124T,"Canale Bellini, 377, 65014, Loreto Aprutino (PE)",Virginia Grassi
MNZSLT86T49D933L,"Vicolo Rubbia, 617 Piano 1, 02047, Castel San Pietro (RI)",Sergius Bragadin
STRGRL53S09L090F,"Viale Saffi, 74, 01035, Scalo Teverina (VT)",Guglielmo Soprano
PCCPLG11B64G780F,"Piazza Baccio, 4, 09098, Tanca Marchese (OR)",Amedeo Ficino
ZPPRMN55L64C361L,"Via Fabrizia, 80 Appartamento 84, 45037, Melara (RO)",Francesco Busoni-Pizzamano
NZGPTZ79M59L124Y,"Rotonda Domenico, 22 Piano 7, 67030, Roccacasale (AQ)",Baccio Padovano
BNLGNL39P69E563A,"Borgo Segni, 64 Appartamento 97, 10141, Torino (TO)",Sole Antonioni
FRCLNI04L18H781F,"Incrocio Nicoletta, 17 Piano 6, 11024, Pontey (AO)",Rosaria Falloppio-Fieramosca
PTRLNI30A09G300I,"Strada Mariano, 92 Appartamento 2, 83100, Bellizzi Irpino (AV)",Fabrizio Calvo
BRGMME00T26H326Z,"Borgo Carriera, 0, 84048, Santa Maria Di Castellabate (SA)",Carolina Romagnoli
GLTPRN71R60G096K,"Canale Galeati, 416 Piano 4, 46037, Villa Garibaldi (MN)",Giovanni Montanari
TZZLFA35R55A236R,"Rotonda Armando, 46, 26851, Borgo San Giovanni (LO)",Adriano Bruno
RMNRLD13B60I110G,"Strada Silvestro, 39, 86010, Tufara (CB)",Corrado Sagredo
NSGGDU32S67L506N,"Viale Piersanti, 95, 23821, Abbadia Lariana (LC)",Stefani Bertoni
BRCLRI18T31D871Z,"Stretto Gioberti, 29 Appartamento 3, 67068, Cappelle Dei Marsi (AQ)",Liliana Papetti
PRCGUO15A47E364K,"Borgo Loretta, 43, 08026, Orani (NU)",Susanna Parisi
LNGLSU36H19L933N,"Canale Fausto, 38 Appartamento 9, 57021, Stazione Di Campiglia Marittima (LI)",Dott. Flavia Finotto
BRBVLR67M41L122R,"Contrada Virginia, 88, 61030, Cartoceto (PU)",Alfio Sabatini
RZZNCL88H42C207G,"Rotonda Mazzi, 45, 88050, Petrizia (CZ)",Calogero Farina
TRCRLD29B56G203I,"Strada Solari, 497, 80020, Casavatore (NA)",Salvatore Panicucci
PSNGNE89M01H429A,"Strada Flora, 512, 25135, Caionvico (BS)",Margherita Pisani
QRNCRL21L56L469L,"Piazza Maggioli, 12 Piano 2, 61028, Sassocorvaro (PU)",Manuel Corcos-Cristoforetti
GLZMRN44D20H384G,"Borgo Matilda, 3 Piano 9, 24014, Piazza Brembana (BG)",Augusto Odescalchi
DROFLP57P19A490T,"Strada Malatesta, 18 Appartamento 75, 53037, Badia A Elmi (SI)",Sig.ra Annunziata Scarpetta
RDEVLR24B63M158Q,"Contrada Zoppetto, 0 Appartamento 6, 25011, Ponte San Marco (BS)",Natalia Vittadello
FRRLLR10E09F851Z,"Vicolo Barzini, 4, 67069, Villa San Sebastiano (AQ)",Clelia Calgari
GRRGRL82C10E738G,"Contrada Mascagni, 655 Appartamento 64, 02026, Rocca Sinibalda (RI)",Natalia Verdone
NGGVEA41D05D767O,"Stretto Greca, 81, 66017, Palena (CH)",Tiziana Venditti
MEOGLN66A27D038T,"Rotonda Tornatore, 25, 64039, Penna Sant'Andrea (TE)",Elisa Abba
PLCLSE05A12C928Z,"Canale Alessia, 7, 29027, San Polo (PC)",Sig. Arsenio Galtarossa
CMSGLM22C14F214P,"Vicolo Mancini, 44, 20094, Corsico (MI)",Dott. Victoria Cherubini
PLLLCU03L58F116D,"Piazza Nicola, 8, 43052, Colorno (PR)",Roman Accardo
BRCDRN64M62F849N,"Incrocio Gian, 962 Piano 9, 02011, Grisciano (RI)",Antonello Zanichelli
TRMSTN65R26A762L,"Contrada Angelica, 62 Appartamento 7, 04016, Borgo San Donato (LT)",Dott. Adelmo Antonioni
RCCLLN17P24H266T,"Borgo Torquato, 52, 17030, Castelbianco (SV)",Aurora Antonucci
LGRMRL70D62H304D,"Canale Tiepolo, 9, 12014, Festiona (CN)",Dolores Gaiatto
BRNGCB83B64L788L,"Stretto Ferdinando, 63 Appartamento 15, 20815, Cogliate (MB)",Antonella Andreozzi
RNZMCL81C14C479Q,"Piazza Antonacci, 99 Piano 2, 95014, San Leonardello (CT)",Martina Lucarelli
CVLGRG67L52I529A,"Viale Luigina, 648 Piano 8, 20097, Metanopoli (MI)",Gabriella Cassarà
CMMLVI75A54A357A,"Strada Calvo, 1 Piano 2, 00036, Palestrina (RM)",Dott. Salvi Sorrentino
VRSLRA70D21G429S,"Piazza Passalacqua, 83, 08045, Lanusei (NU)",Valeria Vecellio
RNSSRN57A10D105H,"Canale Verdone, 66 Appartamento 5, 06025, Gaifana (PG)",Marco Porzio
FSLDNL21M55L605U,"Rotonda Bernardo, 8, 08030, Belvi (NU)",Gemma Borsiere
CSNMLS57R30E370Y,"Incrocio Gelsomina, 48 Appartamento 38, 98039, Trappitello (ME)",Elvira Carosone-Scialpi
SPSPTZ36S57D175H,"Viale Spinelli, 613, 09072, Solanas (OR)",Antonella Cadorna-Saracino
BRSLRZ52B65I429R,"Borgo Gottardi, 80, 66012, Casalincontrada (CH)",Fiamma Pometta
RSSPRN15E04L415B,"Viale Gastone, 49, 15059, Monleale (AL)",Aurora Morlacchi
RNLLSU96M06F401M,"Borgo Piovani, 133 Piano 3, 81054, San Prisco (CE)",Michelangelo Barozzi
RCCLPD55R46B037V,"Via Pierina, 78, 09044, Quartucciu (CA)",Dott. Sylvia Soprano
MRSGNR55C42A251C,"Vicolo Leonetti, 51, 20081, Abbiategrasso (MI)",Sig. Giacinto Mondadori
NTNLVI54A26A902T,"Borgo Flavio, 5 Appartamento 72, 03036, Isola Del Liri (FR)",Barbara Chiappetta
VLRMDA12L41L742R,"Viale Santoro, 62 Appartamento 18, 24033, Calusco D'Adda (BG)",Atenulf Parmitano
NNLLNE73E14C716Q,"Strada Amanda, 6 Piano 7, 00121, Roma (RM)",Dott. Lucio Farina
TRPSBT22M47E500F,"Canale Bragadin, 69 Piano 8, 81014, Capriati A Volturno (CE)",Nino Scialpi-Puccini
RCCLLT37S10B084S,"Strada Burcardo, 5, 37031, Illasi (VR)",Martino Priuli
RSMMRA66R02C930V,"Rotonda Eleanora, 34, 44011, La Fiorana (FE)",Sole Sforza-Eco
SNSSVN02C44G961C,"Via Tonino, 20, 03042, Casino Pica (FR)",Diana Lippomano-Vianello
FDRMLN60R27B326Q,"Incrocio Piero, 387 Piano 6, 06062, Salci (PG)",Sig.ra Annunziata Bertoli
GRSBLD03L41E877H,"Borgo Natalia, 2 Appartamento 7, 07032, Nulvi (SS)",Sig. Dario Lucchesi
MRNNTN03H69C621G,"Rotonda Tarchetti, 853, 16155, Genova (GE)",Dott. Ottone Sobrero
BTNLNR63B24F200X,"Rotonda Jolanda, 29 Piano 2, 90014, Casteldaccia (PA)",Dott. Amalia Tozzo
MRZVNS78M19L042V,"Stretto Letizia, 7, 86034, Guglionesi (CB)",Loredana Leoncavallo
BTOSIA20P09D798O,"Canale Paride, 61 Piano 3, 43040, Vianino (PR)",Rossana Speri
MRSMCL08M05H495X,"Contrada Salvo, 538 Appartamento 9, 28876, Macugnaga (VB)",Osvaldo Morellato
CNTGFR88M50L654D,"Vicolo Ansaldo, 44 Appartamento 96, 84024, Contursi Terme (SA)",Arturo Rubbia-Comolli
VCLFBZ93C46G909M,"Viale Napoleone, 512, 21026, Gavirate (VA)",Salvatore Cappelli-Monaco
TRTFMM80D21L024B,"Rotonda Pepe, 26 Piano 5, 33090, Campone (PN)",Angelina Zetticci
SNNNCL28P45A028Z,"Rotonda Pontecorvo, 334 Appartamento 1, 06050, Collazzone (PG)",Ippazio Guglielmi
CPNGRG14C19B238P,"Viale Carla, 77 Piano 8, 39050, Deutschnofen (BZ)",Niccolò Palombi-Pacetti
VLLRND23L62H087R,"Incrocio Majewski, 874 Piano 8, 35024, Bovolenta (PD)",Atenulf Pergolesi
BRRLCN68E71F201Z,"Strada Dellucci, 151 Appartamento 1, 53031, Pievescola (SI)",Nina Tomasini
CNINNR01S26C342G,"Strada Martino, 8, 35123, Padova (PD)",Dott. Ignazio Squarcione
GROSRN16C27E675V,"Strada Ernesto, 345, 17025, Loano (SV)",Sig.ra Gloria Duodo
PNCGLI75H47E735G,"Strada Letizia, 2 Appartamento 1, 20851, Santa Margherita (MB)",Danilo Chigi
TRVSRN80R03B368R,"Rotonda Andreotti, 13 Appartamento 35, 57124, Valle Benedetta (LI)",Paola Einaudi-Canil
NVNCRI01A71A259Q,"Stretto Paloma, 51, 00159, Roma (RM)",Concetta Cilibrasi
SGRCCL80A06E209F,"Vicolo Basso, 4, 12063, Dogliani (CN)",Cirillo Interminei
BNNGNN73M22D905Y,"Canale Eliana, 8, 81044, Galluccio (CE)",Federica Monicelli
FNTMRS43D02A218X,"Via Romiti, 26 Piano 2, 90028, Polizzi Generosa (PA)",Gino Vattimo
MRTMCL89D46D428I,"Rotonda Bianca, 20, 38068, Borgo Sacco (TN)",Clelia Chiaramonte
CSLBRR00A13E957G,"Canale Sandro, 10, 71013, San Giovanni Rotondo (FG)",Renata Angeli
MDRVLT97D06A273M,"Viale Garibaldi, 94, 11018, Villeneuve (AO)",Augusto Scaduto
SGNPLA57H22L741D,"Canale Galiazzo, 84, 00136, Roma (RM)",Stefani Borromeo-Jacuzzi
SLNCML43R12L883P,"Borgo Fabio, 99, 84127, Salerno (SA)",Giacinto Marzorati
CRRMCL99S60E336G,"Contrada Amico, 349, 38082, Castel Condino (TN)",Milena Bertolucci
BSRBCC23R41B932G,"Viale Curatoli, 350, 20815, Cogliate (MB)",Rosaria Ciampi
LNCCNT36A25A192C,"Contrada Taliercio, 485 Appartamento 98, 20052, Vignate (MI)",Carlo Gaggini
CMSFRN66C57L827W,"Incrocio Bernini, 90, 43045, Piantonia (PR)",Lando Beccheria
NGLMLS15M02C437T,"Strada Alberto, 11 Appartamento 8, 61011, Case Badioli (PU)",Marissa Tagliafierro
MRRTZN39B55H775U,"Incrocio Pavarotti, 63 Appartamento 8, 38042, Faida Di Pine' (TN)",Bernardo Bajardi
SMMNTL56L22C745Q,"Rotonda Bossi, 1, 06060, Paciano (PG)",Ranieri Santorio-Ferrucci
CLLFLP72S06I943A,"Rotonda Bianca, 87, 20027, Rescaldina (MI)",Loretta Varano
SCHPRD70R49C459O,"Vicolo Greca, 6 Piano 3, 28068, Romentino (NO)",Danilo Camuccini
SDRVRN99S21C364D,"Borgo Pompeo, 45, 64032, San Giacomo D'Atri (TE)",Marisa Piacentini
NCHMRN42S13C052M,"Stretto Vincenzo, 359 Piano 6, 15045, Sale (AL)",Flora Gualtieri
SBLGNR44P53E239R,"Contrada Malpighi, 296, 21040, Sumirago (VA)",Lara Tornatore
CMPLSE10R21C330S,"Stretto Galeati, 47 Appartamento 94, 10013, Borgofranco D'Ivrea (TO)",Angelica Boldù
PLNGRC14S10L670Y,"Contrada Lilla, 9 Piano 5, 12074, Bergolo (CN)",Stefani Tafuri
BSSJCP42P50A703Z,"Strada Giampiero, 86, 88821, Corazzo (KR)",Sig.ra Renata Abbagnale
MRCGMM70L04C418H,"Piazza Metella, 650, 23019, Traona (SO)",Annetta Saragat
GNNMRN57C02L444O,"Viale Susanna, 42, 12015, Limone Piemonte (CN)",Laureano Fattori
MRRPLA16T50D562L,"Vicolo Mercantini, 4, 02039, Toffia (RI)",Enzo Galuppi
GBBLCN12C04A134V,"Stretto Stella, 117 Appartamento 52, 21042, Caronno Pertusella (VA)",Annetta Filippini
PZZGLR21P63F839S,"Vicolo Satriani, 63, 84126, Salerno (SA)",Lauretta Manunta
TLNPLA91T53H712M,"Stretto Ermenegildo, 68, 14052, Calosso (AT)",Flora Tresoldi
PRDLDA39C65D309M,"Contrada Melina, 167 Piano 9, 38070, Lomaso (TN)",Alessandra Murialdo
VRGMRL05D60I873E,"Contrada Vittorio, 479 Piano 3, 16040, Roccatagliata (GE)",Salvatore Iannucci
PZZRSR86P48F600N,"Strada Fernanda, 45, 86045, Portocannone (CB)",Liana Gulotta
PCNDNT04R66D977T,"Vicolo Marina, 86, 35011, Sant'Andrea Di Campodarsego (PD)",Elvira Fermi
TSSLSU06B03H185Z,"Contrada Tommaseo, 27, 42025, Cavriago (RE)",Monica Sabbatini-Curiel
MNTSNO24L06I901Y,"Contrada Antonello, 1, 67030, Campo Di Giove (AQ)",Paulina Boldù
VVLFDL03D46L746F,"Canale Bernetti, 845 Piano 4, 60037, Borghetto (AN)",Erika Stoppani
CCRVNN86S21E114S,"Borgo Cuda, 84 Appartamento 43, 40051, Casoni (BO)",Gelsomina Errigo
FOXCLD76P15L513D,"Incrocio Francesca, 13, 91020, Granitola (TP)",Greca Crisafulli
VSNRAI96E19D688V,"Strada Marcello, 5 Piano 5, 84028, Borgo San Lazzaro (SA)",Giorgio Nosiglia
ZRLMND68T21D436S,"Contrada Orengo, 2, 95011, Pasteria (CT)",Adele Antonetti
NTTNCL72C49C875Q,"Rotonda Turati, 87, 67062, Marano Dei Marsi (AQ)",Arnulfo Federico
VRDRSL30E16I798D,"Rotonda Marzorati, 85 Appartamento 4, 71023, Bovino (FG)",Anita Ligorio
PRZGNT37S54B294W,"Viale Angiolello, 874, 36052, Stoner (VI)",Olga Bova
MRSSLV09H18B051O,"Borgo Mogherini, 932 Piano 0, 09034, Villasor (CA)",Giada Pagliaro-Udinesi
CRCMRA83R10G449P,"Vicolo Gagliardi, 244 Appartamento 9, 19122, Laspezia (SP)",Dott. Ivo Bernardi
BTTLSS50L47G768E,"Strada Federigo, 50, 00167, Roma (RM)",Dott. Daniele Desio
TSTGNZ46M67I519O,"Via Zichichi, 771 Appartamento 18, 89867, Zaccanopoli (VV)",Valentina Salvini
TMBLNI18D28B540Q,"Incrocio Tonisto, 52 Piano 4, 30027, San Dona' Di Piave (VE)",Michelangelo Sinisi-Giannone
GLGPNI14P02G151D,"Contrada Dino, 0, 18023, Cosio Di Arroscia (IM)",Raffaellino Pacillo
LFNMLN00H16F149S,"Rotonda Galasso, 480, 86043, Casacalenda (CB)",Antonella Gentilini-Grisoni
TBLFBZ43B25F943J,"Vicolo Virgilio, 62, 10023, Pessione (TO)",Susanna Pajello
VLTRGR88E54I873T,"Canale Navarria, 52 Piano 2, 23835, Sueglio (LC)",Adriana Tamborini-Bresciani
BCCMRT97T22I484Z,"Vicolo Franco, 94 Appartamento 90, 20055, Vimodrone (MI)",Sig.ra Elvira Ferrata
CRTRGR13A44D742B,"Piazza Modugno, 94 Piano 0, 87010, Regina (CS)",Dott. Caterina Serraglio
GRMTMT83R65E191M,"Piazza Gianni, 17, 28842, Bognanco (VB)",Benedetto Montanariello
VRDVEA68T31L132T,"Canale Saragat, 68 Piano 8, 70026, Modugno (BA)",Napoleone Zaguri
CRNMCA94C60C726C,"Stretto Annetta, 59, 61014, Montecopiolo (PU)",Ippazio Panicucci
BJRLNI49R06D133G,"Canale Pederiva, 920 Appartamento 52, 24040, Osio Sopra (BG)",Irma Borroni
MNDRFL99L43A653V,"Strada Tomasini, 63 Appartamento 25, 03032, Arce (FR)",Ruggiero Moresi
DSCRLD84L62D030W,"Viale Enrico, 48 Appartamento 98, 12069, Cinzano (CN)",Serafina Giannuzzi
BLBGMR78C48L279T,"Stretto Volta, 62, 64035, Villa San Romualdo (TE)",Giampaolo Roncalli-Pareto
MLPTTN47R61E156C,"Rotonda Maura, 4 Appartamento 30, 88815, Marina Di Strongoli (KR)",Natalia Renault
BDNGRG72H62A424G,"Incrocio Osvaldo, 13 Appartamento 45, 62019, Musone (MC)",Gaspare Cattaneo
BRCPLN89A12A645R,"Vicolo Gaito, 7, 11016, La Thuile (AO)",Azeglio Gregorio
DNZLND53M16I199J,"Contrada Tiziano, 8, 20057, Assago (MI)",Giampaolo Casellati
GRGVTI56B49I003U,"Strada Gilardoni, 372, 23831, Casargo (LC)",Bettina Caracciolo
TRSTTE97R05L689C,"Rotonda Achille, 44 Appartamento 8, 10083, Favria (TO)",Sig.ra Priscilla Camiscione
GNTFDC78H58E632T,"Canale Matteo, 443 Appartamento 2, 56126, Pisa (PI)",Marina Civaschi
VZZGLN97T41G378K,"Viale Cassarà, 825 Piano 3, 57126, Livorno (LI)",Gianni Pajello-Ciscato
MRNNTL85C59B629F,"Incrocio Camillo, 29 Appartamento 98, 53014, Ponte A Tressa (SI)",Dott. Elladio Filippelli
RNSGNC04H64L741A,"Stretto Michela, 65, 18020, Caravonica (IM)",Benedetto Angeli
CLNMLE81H48E557Z,"Vicolo Squarcione, 34 Piano 0, 35126, Padova (PD)",Ciro Ligorio
GBLNNZ48A15G551E,"Vicolo Marisa, 58, 38020, Cis (TN)",Alina Zoppetto-Cusano
TSLFDL22T67I855S,"Vicolo Bartolomeo, 823, 47019, Tredozio (FC)",Mattia Vespucci
SCRGLS30T68D764B,"Vicolo Rosario, 67, 07013, Mores (SS)",Costanzo Bignami
BRCDRN56B56H704O,"Contrada Piergiorgio, 742 Piano 4, 36071, Tezze (VI)",Giada Errigo
FRCRTI91B08D815V,"Stretto Vattimo, 399, 10051, Avigliana (TO)",Luisa Gualandi
DLLVLT94P15F055C,"Incrocio Ferrata, 34 Piano 7, 84025, Eboli (SA)",Sig.ra Ornella Natta
BRNPLA95A58E205Z,"Canale Margherita, 20 Piano 3, 16013, Campo Ligure (GE)",Vittoria Bixio
MNCFLP51L26E645B,"Viale Borrani, 14 Appartamento 7, 54014, Regnano (MS)",Alina Bevilacqua
MDRCSR31S67I561A,"Borgo Napoleone, 18, 56033, San Pietro Belvedere (PI)",Loredana Farina
GLZSTN18S28B527M,"Strada Scaduto, 94 Appartamento 5, 58045, Stazione Di Monte Antico (GR)",Annetta Berrè-Travia
MNCLTZ47T29I969N,"Piazza Rosiello, 4 Piano 2, 67054, Civitella Roveto (AQ)",Dott. Gaetano Brenna
CNTFRC67L57E965J,"Strada Beppe, 71 Piano 8, 45015, Corbola (RO)",Gaspare Corradi
GLLPRR91T56I556L,"Vicolo Mariana, 97 Piano 9, 09074, Zuri (OR)",Annibale Zamorani-Onio
MGLLMR37P58B676X,"Borgo Manacorda, 12 Appartamento 59, 66020, San Giovanni Teatino (CH)",Ronaldo Pavone-Canova
PLZTNF47T69B905R,"Vicolo Pincherle, 8 Piano 3, 98070, Acquedolci (ME)",Gianna Rosmini
VSNVNI82L59I429G,"Viale Greca, 44 Appartamento 3, 66031, Casalanguida (CH)",Romeo Querini
PDRSBL77S14B718X,"Strada Nico, 30, 89861, Parghelia (VV)",Ansaldo Ligorio
CNTMRA79T07F009G,"Strada Guarneri, 18 Piano 4, 95025, Aci Sant'Antonio (CT)",Sandra Monti
SCHVNI05M55G217V,"Borgo Vito, 281 Piano 5, 15022, Bergamasco (AL)",Patrizia Giannuzzi
RGHGCN95A48A058A,"Stretto Trezzini, 16 Piano 5, 84012, Angri (SA)",Marcello Lucciano
CRSRSL63T21D527N,"Vicolo Guglielmo, 324 Piano 0, 91026, Mazara Del Vallo (TP)",Lauretta Vercelloni
VNTLRN12T16B377D,"Strada Carullo, 28 Appartamento 35, 00041, Albano Laziale (RM)",Sig.ra Annamaria Ligorio
PZZRZO83M42D594G,"Contrada Giulietta, 434, 11017, Morgex (AO)",Sig.ra Giulia Greco
VLNFRN37L63F893I,"Vicolo Traversa, 56 Appartamento 0, 67015, Marana (AQ)",Angelina Boito
GRDMCL12P03I205B,"Strada Mercantini, 2, 23852, Garlate (LC)",Sig. Adriano Bragadin
VLLTNN73M45M388W,"Viale Pomponio, 65 Appartamento 78, 24022, Alzano Lombardo (BG)",Fortunata Perozzo
TRVTLC95C51I205Y,"Piazza Leone, 9, 12060, Barolo (CN)",Sergius Balbo-Berlusconi
SLRLGN43M16F407R,"Stretto Micheletto, 27, 29028, Biana (PC)",Rocco Olivetti-Maffei
SPSMCL18P05A778E,"Piazza Ippazio, 95 Appartamento 88, 21058, Solbiate Olona (VA)",Angelo Ceravolo
SCMBRR89M28L112M,"Strada Scarfoglio, 754 Appartamento 4, 28017, San Maurizio D'Opaglio (NO)",Dionigi Nicoletti-Sobrero
PNNTTE55R23F066F,"Borgo Argan, 51, 88842, Steccato Di Cutro (KR)",Tonia Fioravanti
VCLLCI98P20M396O,"Vicolo Barbara, 14 Appartamento 6, 04027, Le Forna (LT)",Amanda Bajamonti
TSTMRD14A13G365K,"Canale Roccabonella, 285 Appartamento 13, 34121, Trieste (TS)",Serafina Marini-Saffi
PLTNNT65C07B686F,"Contrada Gravina, 296, 57027, San Carlo (LI)",Piergiuseppe Toninelli
MSTGSN08M44B846E,"Contrada Toni, 94, 81046, Borgo Appio (CE)",Sole Brichese
ZFFGLR27R54G525G,"Strada Roero, 0 Piano 7, 06081, Assisi (PG)",Alderano Ovadia
MRZPRR90D62I423H,"Piazza Borsiere, 62, 43035, Felino (PR)",Giuseppe Rizzo
NTTDLA70P11C783L,"Canale Mezzetta, 19 Piano 3, 19012, Castello (SP)",Paride Parisi
BMBCRI20P54C730X,"Canale Edoardo, 960 Appartamento 9, 95027, Cerza (CT)",Delfino Argenti-Carriera
FLPRGR99H46L100Y,"Viale Luigina, 22 Piano 5, 34073, Grado (GO)",Renzo Storladi-Ferrabosco
TRNMRA96H65G534J,"Contrada Mannoia, 42 Appartamento 67, 10011, Aglie' (TO)",Serena Bottigliero
SCTGLS55C43I056P,"Vicolo Dino, 60 Piano 7, 13012, Borgo Vercelli (VC)",Livio Civaschi
PSNRSO80M28H635Y,"Borgo Gabriella, 29, 28076, Pogno (NO)",Salvi Bottaro
MNDLND69D62C478V,"Vicolo Taccola, 11, 65125, Pescara Colli (PE)",Caterina Rocca
MZZMRD21C12D781E,"Borgo Adelmo, 991 Piano 3, 02042, Collevecchio (RI)",Luisa Bellocchio
SCRMLN69M21I601O,"Piazza Morandini, 82 Appartamento 8, 09027, Serrenti (SU)",Lucia Delle
CSTMRN30P13C560G,"Piazza Carlo, 1 Piano 6, 88819, Verzino (KR)",Ornella Scotto
TFRLRI48A29H319B,"Borgo Gottardi, 86, 92020, Villafranca Sicula (AG)",Valeria Giannone-Barracco
BNTRSR68M28L401Z,"Stretto Ughi, 12 Piano 8, 10144, Torino (TO)",Tiziana Visconti
NRBPRI85H42A569C,"Strada Luciani, 3, 47835, Santa Maria Del Monte (RN)",Dott. Ugolino Pellegrini
FRZLGU49D46B482K,"Borgo Renzo, 59, 36042, Breganze (VI)",Rocco Cagnotto
MRNGRN12A58A045X,"Piazza Treves, 994 Appartamento 63, 00026, Licenza (RM)",Sig. Massimiliano Crisafulli
PSRHGU43C54H074W,"Borgo Druso, 886 Piano 9, 01010, Farnese (VT)",Etta Procacci
NNCCSN43L52D638B,"Contrada Trobbiani, 94 Piano 4, 63061, Massignano (AP)",Alessia Marrone
MNTTZN02M07F625R,"Vicolo Ferrazzi, 36, 20023, Cerro Maggiore (MI)",Loredana Cerquiglini
DSSBNC83T09F157O,"Strada Camuccini, 2 Piano 2, 71010, Chieuti Scalo (FG)",Dino Pepe
NTNPRD07P68A853W,"Borgo Paolo, 78 Piano 4, 28802, Albo (VB)",Sig. Giancarlo Stoppani
BBTLPN07T43I489R,"Canale Casaleggio, 26, 13048, Santhia' (VC)",Sig. Mirko Jilani
FLPGLI80L19C604M,"Via Ettore, 33, 27037, Pieve Del Cairo (PV)",Dott. Fabrizia Ruggieri
TRVNTN11R63D095Z,"Stretto Brambilla, 92, 13011, Borgosesia (VC)",Raffaellino Ferretti
SNDPRN80T55F120X,"Vicolo Barsanti, 63 Piano 9, 51028, Pontepetri (PT)",Patrizia Borsellino
BTTGML17C46C674C,"Borgo Tiziana, 111 Piano 6, 57126, Livorno (LI)",Pierangelo Versace-Borghese
MRCPTZ86T71I690R,"Vicolo Morandi, 7, 84056, Gioi (SA)",Dina Gottardi
GBRDNT43L50I536X,"Piazza Donato, 215, 00042, Colonia Di Anzio (RM)",Tatiana Speri-Giorgetti
LMBDLS41H25L007I,"Vicolo Serena, 285, 52033, Caprese Michelangelo (AR)",Anita Leoncavallo
ZNZCSN56S48F283J,"Strada Detti, 542 Piano 4, 47861, Casteldelci (RN)",Gianfrancesco Benussi
MCCVRN92R25D472H,"Viale Uberto, 1, 42040, Campegine (RE)",Veronica Pavone
FLLNNI31S56I032W,"Piazza Clelia, 63, 17042, Giovo Ligure (SV)",Dott. Laura Casellati
MTTCTN38E30F507N,"Contrada Rosario, 76, 80041, Boscoreale (NA)",Marcello Gritti-Montecchi
PSTRFL05A21F271Y,"Vicolo Gigli, 832 Appartamento 14, 26844, Cavacurta (LO)",Alessia Giunti
CNTMRA81A10F863I,"Incrocio Adamo, 67, 53049, Torrita Stazione (SI)",Sig. Gioffre Cipolla
FBNVCR74A22C508K,"Rotonda Rosalia, 41, 67014, Capitignano (AQ)",Dionigi Donarelli-Nibali
MNTFBZ47R48B948L,"Stretto Broggini, 74, 12033, Moretta (CN)",Luisa Saracino
FSNLSE61P28B790Q,"Stretto Fausto, 49, 43019, Soragna (PR)",Giuseppina Aloisio
SNTPNI23D05H899K,"Via Chigi, 34, 25021, Bagnolo Mella (BS)",Ermenegildo Paolucci
GGLSBT66M65D553S,"Vicolo Vanvitelli, 29 Appartamento 2, 42012, Campagnola Emilia (RE)",Fabia Comboni-Barcella
MFFNTN34T03L952U,"Rotonda Loretta, 30, 00033, Cave (RM)",Lina Pascarella
BBTGMM72T26D127T,"Viale Annibale, 26 Appartamento 44, 21033, Cittiglio (VA)",Dott. Ermenegildo Respighi
LGHVEA67E11B873T,"Via Romeo, 916 Appartamento 20, 03019, Supino (FR)",Angelo Ricciardi
BNDRAI28B08L807V,"Viale Pederiva, 693 Piano 7, 40062, Marmorta (BO)",Milo Storladi
FLLTNO75S11D118J,"Contrada Gatto, 75 Piano 0, 20855, Lesmo (MB)",Alessia Gangemi-Detti
VRRLRT86D01A366D,"Viale Montalcini, 87 Appartamento 8, 27029, Sforzesca (PV)",Amleto Giorgetti-Mimun
TMBCNT13L04C141L,"Piazza Susanna, 5 Appartamento 7, 73030, Vignacastrisi (LE)",Simonetta Broggini-Sinisi
BRRCLD41M66G790M,"Incrocio Bulzoni, 176 Piano 0, 80134, Napoli (NA)",Dott. Fabrizia Gemito
PLTRNT49H18A631B,"Vicolo Albertini, 86 Piano 5, 28823, Cargiago (VB)",Liana Malipiero
BBBCRI88A57B446U,"Contrada Massimiliano, 22 Piano 5, 35044, Montagnana (PD)",Adelmo Tutino
CLIFLP27S24D132B,"Via Mauro, 28 Appartamento 87, 64012, Paterno (TE)",Lisa Pareto
MCHVTI00C70B877I,"Vicolo Chiara, 4, 42014, Castellarano (RE)",Claudia Montanelli-Giannini
BNMRSR51T47B881Y,"Stretto Tonisto, 5 Piano 5, 89122, Vito (RC)",Morena Gianinazzi
RRCGNL48T47D732R,"Borgo Borroni, 11 Appartamento 38, 17030, Erli (SV)",Dario Satta-Gatto
CNTSLV21S53L342C,"Viale Borrani, 19 Piano 3, 25080, Vallio Terme (BS)",Augusto Pugliese
BNDLND77C47E056Z,"Canale Bruno, 540, 84057, Laurino (SA)",Sig. Giustino Soprano
SLMNNT67T12H367Q,"Viale Delfino, 56, 16027, Propata (GE)",Melania Mastroianni
TNCDNT57L53H974Y,"Viale Silvio, 72, 57036, Porto Azzurro (LI)",Maria Modigliani
SQRFLR77L13B476A,"Rotonda Gloria, 339 Appartamento 21, 00194, Roma (RM)",Vincentio Vigorelli-Micheletti
CRSCLD32B44L943E,"Contrada Cirillo, 420 Piano 7, 27049, Zenevredo (PV)",Calogero Boitani
SRGRMN71A15E517E,"Contrada Cristina, 8 Appartamento 64, 10069, Villar Perosa (TO)",Natalia Majewski
DLLDNL26T66G178E,"Via Toselli, 61 Appartamento 27, 22025, Lezzeno (CO)",Dott. Fiorenzo Pezzali
FNTCRT99A12M408Q,"Rotonda Iannelli, 44, 35045, Ospedaletto Euganeo (PD)",Pellegrino Garrone
RCCRKE29E17L160T,"Canale Rosalia, 275 Appartamento 3, 46039, Villimpenta (MN)",Dott. Milena Salieri
PNCGSR20H51D168H,"Vicolo Bersani, 91, 86078, Sesto Campano (IS)",Augusto Barzini
VNVNTL19H21A537C,"Incrocio Barsanti, 735, 60122, Ancona (AN)",Fredo Bottaro
BGOMRL31C22H521M,"Strada Giacinto, 320 Appartamento 33, 89064, Fossato Ionico (RC)",Giovanna Segrè
PRTMLN41C26F677J,"Canale Soffici, 670 Appartamento 6, 28047, Fornaci (NO)",Sig.ra Maria Veltroni
NNSBRC27R09H964K,"Contrada Venturi, 76 Appartamento 9, 83041, Aquilonia (AV)",Sole Proietti
ZMPLNE47M45L710Y,"Incrocio Armani, 8 Appartamento 3, 98076, Vallebruca (ME)",Sonia Serraglio-Pacelli
PLLVIO86B43E374F,"Via Borghese, 388 Piano 9, 13894, Gaglianico (BI)",Sig. Guglielmo Pace
CRDSIA12R16L494A,"Canale Piacentini, 8 Piano 7, 40137, Bologna (BO)",Enzio Bosio
RSTDLS53M06F408R,"Incrocio Turrini, 544 Appartamento 20, 20822, Baruccana (MB)",Valentina Viola
CGUDNT50S52G576P,"Contrada Giannotti, 594, 72016, Pozzo Guacito (BR)",Lamberto Taliani
VVNBTN12R03B597G,"Incrocio Pasquale, 6, 67030, Ateleta (AQ)",Dolores Federici
CHNGNL10D58D078A,"Borgo Goldoni, 66, 81053, Riardo (CE)",Dott. Lorenzo Lippomano
LNTRMN71S26A819L,"Borgo Matteo, 8 Appartamento 97, 03047, San Giorgio A Liri (FR)",Dott. Lamberto Sismondi
CNVRFL10S69E919Z,"Rotonda Ettore, 90, 13049, Tronzano Vercellese (VC)",Diana Martinelli
SSMMRN46B05F473H,"Viale Paolo, 8 Appartamento 5, 88819, Verzino (KR)",Natalia Bodoni
TRSLSU42S17A552U,"Vicolo Boccherini, 92, 20137, Milano (MI)",Dott. Renata Desio
CRCNTL18A62B172U,"Incrocio Serao, 5 Appartamento 13, 32012, Dozza Di Zoldo (BL)",Dott. Fedele Benigni
CRDFDC30L17E310H,"Piazza Angelo, 1 Piano 9, 25028, Cadignano (BS)",Raimondo Odescalchi-Silvestri
FRRMTD96A11L928T,"Incrocio Domenico, 3 Piano 5, 61023, Macerata Feltria (PU)",Rosa Offredi-Renzi
QSMFBA72D66E100V,"Piazza Eco, 0, 50031, Cafaggiolo (FI)",Sig. Liberto Caracciolo
LDBGBL53D41L889G,"Contrada Pietro, 2 Piano 4, 20008, Bareggio (MI)",Bettina Basadonna
TSCNNN66D48D075C,"Strada Pratesi, 768, 85053, Montemurro (PZ)",Adele Ruberto
TRLFLP33T68D928X,"Contrada Zanzi, 427 Piano 1, 23884, Castello Di Brianza (LC)",Eva Guidone
PSCBRL14C55F929S,"Contrada Lara, 7, 31010, Monfumo (TV)",Francesca Baglioni-Esposito
GBRSLS35S42I240L,"Viale Mortati, 437, 40068, Castel Dei Britti (BO)",Clelia Innocenti-Bossetti
NLCLBC25A53C716D,"Incrocio Liverotti, 56 Appartamento 30, 70131, Carbonara Di Bari (BA)",Livia Lussu
RZZMRN80D08H010O,"Viale Comencini, 77, 36055, Nove (VI)",Fiamma Scaramucci
TGLFLR43P29L488F,"Borgo Ivo, 379 Piano 0, 70121, Bari (BA)",Sig.ra Melissa Tremonti
VLLGDU02S41F153Q,"Rotonda Turrini, 356, 40133, Bologna (BO)",Paride Aporti
CMCLLR08B16L535P,"Borgo Pontecorvo, 3 Piano 6, 55062, Colle Di Compito (LU)",Federico Papafava-Morpurgo
SRNZRA97M26B195M,"Strada Zamengo, 7 Piano 6, 52029, Castiglion Fibocchi (AR)",Camillo Omma
RSSCRL68E51H342P,"Canale Spadafora, 79 Appartamento 1, 82016, Varoni (BN)",Matteo Gasperi
DNTMRL64D62D597O,"Canale Armellini, 58 Appartamento 9, 90021, Alia (PA)",Arnulfo Napolitano
LMBGST21R41L998B,"Via Piergiorgio, 591, 37024, Arbizzano (VR)",Sandra Calgari
RSPRNR49H57F433I,"Contrada Zoppetti, 40 Appartamento 78, 02035, Orvinio (RI)",Danilo Bignardi
CNDPTZ88P15F397F,"Incrocio Marcacci, 89 Appartamento 25, 15069, Serravalle Scrivia (AL)",Gemma Giannini
NRBFMM13A16G247U,"Borgo Aldo, 343, 88021, San Floro (CZ)",Stefano Camilleri
MLDGGL95L44C316G,"Stretto Santino, 336, 38063, Avio (TN)",Morena Camilleri
GNNSNN72C57F324M,"Incrocio Catenazzi, 742, 36012, Sasso (VI)",Valerio Corcos-Boitani
DLLDNG12H55E531E,"Contrada Delle, 726 Piano 4, 70122, Bari (BA)",Dott. Temistocle Albertini
MRNBRR41L63E507M,"Stretto Spinelli, 71 Piano 1, 00118, Roma (RM)",Elisa Spinelli
TRVMNL19D51D416D,"Piazza Alessio, 43, 07034, Perfugas (SS)",Maria Dossetti
NCLDRT71H59M416Y,"Contrada Pietro, 533 Piano 2, 80055, Portici (NA)",Laura Lanfranchi
PSTRRA37T07L564O,"Piazza Fiorucci, 2, 16013, Campo Ligure (GE)",Mariana Zacchia
LMGPLN44R11L961T,"Stretto Ottavio, 932 Piano 8, 87040, Montalto Uffugo Scalo (CS)",Alessandra Castiglione-Foa
VRRGLI20B14G657H,"Borgo Imelda, 3 Appartamento 80, 17026, Noli (SV)",Annibale Brugnaro
GRFZRA90A06C424H,"Borgo Durante, 0 Piano 8, 32014, Polpet (BL)",Gianfrancesco Casaleggio
CREMRA74H08A551W,"Strada Bruscantini, 9, 46047, Porto Mantovano (MN)",Diana Caruso
CRCVCR97E19F326C,"Viale Ferragni, 33, 80062, Meta (NA)",Fortunata Buscetta
NDRDRA92T10B076B,"Incrocio Alessandro, 942 Appartamento 30, 87047, San Benedetto In Guarano (CS)",Rita Broggini
LBNBLD42A60H262X,"Vicolo Adelmo, 10 Piano 3, 55033, Cerageto (LU)",Ugolino Udinese
CFRVRN23C21G478M,"Viale Massimiliano, 41 Piano 4, 32042, Calalzo Di Cadore (BL)",Hugo Emo-Iacovelli
PRRCNT96E09E537H,"Strada Sabbatini, 182 Appartamento 92, 55062, Colle Di Compito (LU)",Michelotto Soprano
PSTTTN98B01H785Z,"Incrocio Allegra, 5, 16147, Genova (GE)",Dino Lamborghini
LCCFLV96E59L521Z,"Strada Broschi, 55 Appartamento 1, 40056, Calcara (BO)",Saverio Galiazzo
PCLSNN77E50L014R,"Contrada Federico, 25, 57126, Livorno (LI)",Dott. Cipriano Rossellini
FLTLSN43M02E431V,"Rotonda Brunello, 179, 14036, Moncalvo (AT)",Gianni Sermonti
RNRMRS72P29C758Z,"Via Romeo, 3, 33079, Bagnarola (PN)",Raffaellino Manunta
CDUFRN99T03L048G,"Stretto Paruta, 7 Piano 6, 80034, Faibano (NA)",Romolo Tornatore
MRTGRC83T63C097N,"Vicolo Ludovica, 18, 71045, Orta Nova (FG)",Dott. Stefani Morgagni
SBRTNI72H14E450D,"Stretto Micheletti, 63, 74025, Marina Di Ginosa (TA)",Raimondo Renzi
BRGLBT56B49E939Z,"Viale Baroffio, 64, 40033, Cantagallo (BO)",Giada Benigni
GRNLPN83C70L084N,"Vicolo Carocci, 22, 30029, La Salute Di Livenza (VE)",Dott. Orazio Romiti
PTRGNZ72P51L713O,"Strada Benito, 48, 39029, Trafo (BZ)",Dolores Bignardi
NNCVTR17D21F661C,"Borgo Mascheroni, 534 Appartamento 38, 92015, Raffadali (AG)",Diana Corcos
LCCGNR05M41G007C,"Borgo Fanucci, 9 Piano 4, 56048, Mazzolla (PI)",Pompeo Bocelli
PTRPLM13P12B900S,"Contrada Rubbia, 85, 05020, Lugnano In Teverina (TR)",Gianpaolo Versace
BVLSTN50S24G957Z,"Piazza Lisa, 9 Piano 9, 14058, Sessame (AT)",Sandra Mattarella
GNZVTR94B21F119B,"Vicolo Claudio, 43 Piano 1, 05039, Stroncone (TR)",Carmelo Carocci-Anguissola
FRRCML80B05D064Q,"Piazza Guicciardini, 14, 55018, Segromigno In Monte (LU)",Clelia Garibaldi
BRNLDN85T69B227C,"Vicolo Nicola, 31, 54011, Serricciolo (MS)",Gianluca Zoppetto-Magrassi
DRGPRI15P69H868A,"Incrocio Giacobbe, 95, 10128, Torino (TO)",Angelica Vidoni
DLDFRN24E17G613M,"Viale Valentino, 148, 26857, Salerano Sul Lambro (LO)",Matilda Battelli
PVNLFA06D48E227D,"Contrada Amedeo, 883, 31033, Castelfranco Veneto (TV)",Gianpietro Trentini
CSLNTA23C21G311F,"Viale Gianfranco, 82 Appartamento 6, 06054, Fratta Todina (PG)",Pasquale Cocci
MCCFRN31M05E363K,"Vicolo Paride, 6, 86082, Capracotta (IS)",Fabio Savorgnan-Saffi
MNCLVR76L29L238G,"Incrocio Aulenti, 60, 24061, Albano Sant'Alessandro (BG)",Liana Malenchini
GGLLDC17M18A776Z,"Borgo Bernardo, 593 Appartamento 42, 37064, Povegliano Veronese (VR)",Costantino Pepe
MLPGGL77P68A496T,"Via Ettore, 884, 12029, San Damiano Macra (CN)",Gloria Montesano
TSCFBA85H03G178S,"Contrada Benvenuto, 86 Piano 5, 80058, Torre Annunziata (NA)",Bianca Montanariello
MRNLDN93C54D999B,"Stretto Ennio, 827, 32045, Campolongo Di Cadore (BL)",Cassandra Vianello
SPSSBN53H49E311K,"Strada Lara, 36 Appartamento 23, 30033, Moniego (VE)",Eliana Querini
SRNNTL97S06B632K,"Via Contrafatto, 24 Appartamento 3, 43044, Ozzano Taro (PR)",Sig. Ferdinando Gagliano
GRSMTD33B20G242C,"Strada Vincentio, 2, 80057, Sant'Antonio Abate (NA)",Amico Emanuelli-Gozzano
CSLGLR19B53D621R,"Rotonda Matteotti, 85, 88900, Crotone (KR)",Michele Manolesso-Gadda
FDRSNO90L15H818F,"Piazza Iolanda, 695 Appartamento 7, 98139, Messina (ME)",Rodolfo Manacorda-Pigafetta
SREMCL56H70A332V,"Via Giacobbe, 880, 03038, Roccasecca (FR)",Griselda Tarantino-Mondaini
MLPMLS19T02F206P,"Viale Cesare, 83, 19033, Castelnuovo Magra (SP)",Fredo Bertoni
GTAGSP76H55E056V,"Rotonda Mirco, 8, 89818, Capistrano (VV)",Nedda Nordio
SGNRMN27D68F011H,"Contrada Bocca, 191, 84100, Salerno (SA)",Dott. Lucia Catalano
MLTLLL66L29E139P,"Incrocio Zecchini, 50 Piano 8, 27035, Villa Biscossi (PV)",Lauretta Buonauro
MGRGRM76L57I645R,"Incrocio Telemaco, 499, 87013, Fagnano Castello (CS)",Salvatore Cerutti
NZGGRG77S25F455H,"Canale Isabella, 6, 72013, Ceglie Messapica (BR)",Nedda Ughi
MNDDNI52M49G976U,"Canale Nicolò, 81 Appartamento 6, 21038, Sangiano (VA)",Pierpaolo Lombardi
BCLPMN61L63L923W,"Contrada Dandolo, 45, 25082, Botticino Mattina (BS)",Fabia Vergassola
CTLGDU56R71D156O,"Rotonda Riccati, 24 Piano 6, 00179, Roma (RM)",Giuliana Zacchia
RSTBTC19C22L217I,"Borgo Cabibbo, 631 Piano 4, 95011, Calatabiano (CT)",Dott. Giacobbe Segni
PLLPRI76S49A725L,"Via Favata, 355 Piano 7, 06126, Montecorneo (PG)",Sig.ra Alessandra Golino
BRZLCN98E29C621T,"Incrocio Bignami, 658 Piano 0, 82019, Bagnoli (BN)",Michela Grisoni
GBBSTL51C25M169C,"Via Fattori, 51, 26818, Villanova Del Sillaro (LO)",Loretta Argento
PGLBLD24L47D938X,"Rotonda Ubaldo, 30 Appartamento 49, 88069, Lido Di Squillace (CZ)",Sig. Umberto Pacelli
BRNGNZ75M53F025F,"Borgo Nonis, 19 Piano 5, 19018, Corniglia (SP)",Donato Cilea
BLTLPD98E48G869Z,"Canale Pascarella, 4, 83011, Altavilla Irpina (AV)",Caterina Salvemini-Antonacci
BLBRMN01S65D145I,"Rotonda Fattori, 55 Piano 0, 73046, Matino (LE)",Sergius Agazzi
GRMGSN50M54L844N,"Piazza Sommaruga, 16, 73038, Spongano (LE)",Damiano Babbo
TDSGVN62B63H975G,"Via Goffredo, 94 Piano 0, 08038, Sorgono (NU)",Aria Parri
MRLRRA02C27L888S,"Contrada Columbo, 13, 14024, Moncucco Torinese (AT)",Martina Sandi-Donatoni
PSNLDC55R69M281J,"Piazza Jilani, 22 Piano 8, 13853, Castello (BI)",Lucrezia Ricciardi
MNLGLM86C28F609T,"Stretto Murri, 7 Piano 4, 98151, Camaro (ME)",Gianfranco Sgalambro
GRZMRD16R18H271B,"Rotonda Valerio, 36, 38096, Padergnone (TN)",Sig.ra Tonia Alighieri
PTRLVR76L04D736M,"Viale Moccia, 43 Appartamento 5, 86074, Cerasuolo (IS)",Stella Pirandello
CRCVNC41B53L309B,"Borgo Lando, 262 Piano 8, 51031, San Piero (PT)",Gemma Poerio
VRGVNC75D62F140F,"Stretto Zabarella, 477 Appartamento 36, 06019, Montecastelli (PG)",Dott. Sergius Ziani
CTLSTL04M09B632J,"Stretto Ubaldo, 10, 10015, Ivrea (TO)",Sig.ra Sophia Ferraris
TBLCML51L31B732T,"Borgo Gianvecchio, 147 Piano 3, 34129, Trieste (TS)",Sig.ra Olga Galtarossa
DNTTZN14D65G713U,"Strada Mercati, 74 Piano 5, 13024, Cellio (VC)",Vincenzo Omma
GLLGRM77P62F023F,"Vicolo Uberto, 44, 36078, Piana (VI)",Costantino Trebbi
GVNVNN58A28G628N,"Vicolo Manzoni, 52 Appartamento 0, 86046, San Martino In Pensilis (CB)",Raffaellino Gianvecchio
BRDFRN89T05A438G,"Viale Gioele, 75, 81040, Castel Di Sasso (CE)",Annetta Turchetta
SCLRMN63D44B637K,"Borgo Giorgia, 66 Piano 4, 20153, Trenno (MI)",Nedda Gucci
SMRPRG34M55D677U,"Borgo Alessio, 3, 12046, San Rocco (CN)",Mariana Montecchi-Catalano
FSNPRN67R27A058F,"Piazza Buonauro, 95 Appartamento 8, 20158, Milano (MI)",Cassandra Brugnaro
SLTSLO27M29H070M,"Rotonda Mantegna, 432 Piano 2, 80145, Chiaiano Ed Uniti (NA)",Sig.ra Rosaria Panzera
CSDLFD16R62D891J,"Vicolo Luciana, 3 Appartamento 7, 36036, Torrebelvicino (VI)",Cassandra Greco
MNRPRG38R60A552R,"Vicolo Luciana, 124 Piano 0, 41026, Benedello (MO)",Adriano Condoleo-Marrone
MNNSVN67T66G482V,"Viale Etta, 89 Piano 7, 41051, Montale (MO)",Matilda Basadonna
BTTCTN72M05C803K,"Stretto Jolanda, 0, 27057, Pietragavina (PV)",Erika Trotta
ZCCRSR48D55G438Z,"Piazza Salvatore, 65 Piano 8, 93018, Santa Caterina Villarmosa (CL)",Patrizio Mazzacurati
GNSPRL54C53E001J,"Borgo Tolentino, 17 Appartamento 31, 88821, Rocca Di Neto (KR)",Piergiuseppe Prada
NNSNTN82E42E422O,"Via Federigo, 8 Appartamento 0, 85022, Barile (PZ)",Paola Castiglione
TMBGBL29T55I435S,"Piazza Michele, 14, 56046, Riparbella (PI)",Berenice Lucchesi
NZGDRA09S51G951A,"Borgo Gaetano, 89, 24036, Ponte San Pietro (BG)",Ignazio Antonacci
NCCRSL63D19G875D,"Canale Tonisto, 83 Piano 9, 51030, Montagnana Pistoiese (PT)",Valeria Alfonsi
PZZLMR18L64L807P,"Canale Giosuè, 30 Piano 2, 30031, Dolo (VE)",Annunziata Benussi
RCCLFD35T65B980O,"Piazza Petruzzi, 3, 95124, Catania (CT)",Donna Bianchini
VNTMRA49C23H110U,"Rotonda Fortunata, 33, 48034, Fusignano (RA)",Donatello Lombardi
MRNBLS96P54G142H,"Borgo Castioni, 979, 05017, Santa Maria (TR)",Evangelista Gianetti
MDGLSE44M03I155X,"Vicolo Garobbio, 71, 82031, Amorosi (BN)",Dott. Alessandro Marino
MPSDLA77R03G009P,"Contrada Ortolani, 87 Piano 3, 09085, Ruinas (OR)",Vincenzo Stucchi
CCCMBT60T57M341N,"Contrada Gustavo, 969 Piano 0, 36051, Creazzo (VI)",Filippo Zeffirelli
FLRFRZ07H44G407K,"Strada Falloppio, 3, 94015, Piazza Armerina (EN)",Rita Petrucelli
GRTCRL84L26B688Y,"Piazza Paolini, 42 Appartamento 9, 00179, Roma (RM)",Flavio Galtarossa
FNTSVR88T55A150U,"Rotonda Barozzi, 670 Piano 7, 13836, Aglietti (BI)",Pier Marzorati-Saragat
NCCGSN84P68F210R,"Vicolo Sante, 435, 98045, San Pier Niceto (ME)",Michelotto Canil
RNDPRR50M46I635B,"Vicolo Ennio, 421 Appartamento 7, 06127, Ferro Di Cavallo (PG)",Fortunata Visconti
DRGNCL97E41C917U,"Rotonda Giacconi, 812 Appartamento 5, 86100, Campobasso (CB)",Dott. Gianluca Luria
CSTFRN09B48A799N,"Contrada Livio, 312, 32037, Sospirolo (BL)",Rosa Salgari
DNTPTZ98R23F495O,"Strada Azeglio, 692, 38025, Monclassico (TN)",Concetta Necci
CRMMRL19E54A523V,"Borgo Ubaldi, 516, 90151, Palermo (PA)",Federica Sollima-Chigi
SRGSBL62E29H280N,"Stretto Gianvecchio, 91 Piano 2, 20085, Locate Di Triulzi (MI)",Gianmarco Strangio
GNZGVN72D04C815U,"Piazza Giuliana, 2 Appartamento 0, 39025, Plaus (BZ)",Piermaria Olivetti
BRZCLD54T20I486T,"Rotonda Cristoforetti, 62, 52024, San Giustino Valdarno (AR)",Lisa Modiano
GRBNTL61A43D068X,"Piazza Zaguri, 89 Piano 7, 95037, Trappeto (CT)",Sig.ra Valentina Panicucci
MNCGNE44H24G906T,"Borgo Gustavo, 22, 24034, Cisano Bergamasco (BG)",Sig.ra Adelasia Mantegna
NCCNCT98L07M297B,"Viale Ludovica, 36, 97011, Acate (RG)",Greca Acerbi
CLLFBZ82A47L466E,"Canale Amadeo, 72 Piano 4, 73013, Noha (LE)",Bernardo Parpinel-Ferrara
BRSMSM39T47D639C,"Piazza Serafina, 3 Appartamento 90, 00045, Landi (RM)",Rosa Caruso
BZOMLA78R04D568F,"Rotonda Luigina, 756, 13865, Curino (BI)",Arnaldo Nolcini
FRNBNC59S21H400W,"Viale Cagnin, 85, 20864, Agrate Brianza (MB)",Costantino Soffici-Gatto
DNONZE21B44A255J,"Piazza Dina, 3 Piano 7, 65026, Popoli (PE)",Bianca Turchetta
CMPSMN56P69D209R,"Contrada Gatto, 460 Appartamento 6, 20838, Renate (MB)",Patrizia Barzini
CRFRRA47S17L837A,"Borgo Romana, 391 Piano 5, 13045, Gattinara (VC)",Rodolfo Giusti
NVRRRA85H05E962I,"Strada Maria, 441 Piano 2, 90024, Gangi (PA)",Nino Mastandrea
SLAGNR24T45H021N,"Vicolo Simeoni, 687, 19018, Vernazza (SP)",Barbara Inzaghi-Bernetti
ZBRBRL65D65C430J,"Borgo Correr, 49 Appartamento 5, 23037, Tirano (SO)",Donatella Tamburi-Galiazzo
CRLDLA63D29A039C,"Canale Peruzzi, 13, 13897, Occhieppo Inferiore (BI)",Elmo Iannucci
BTTNNT35R24L527D,"Contrada Antonino, 8 Appartamento 7, 10099, San Mauro Torinese (TO)",Beppe Virgilio
DNTNTN02T19A254C,"Strada Amato, 67, 40021, Tossignano (BO)",Sandro Iannotti
BNVDMN51P50F806P,"Contrada Federigo, 32, 92014, Porto Empedocle (AG)",Martino Milanesi
CRVNPN63A41D895Y,"Contrada Lombardi, 474, 40050, Monte San Pietro (BO)",Allegra Tamburi
SCRFRN15H43F561B,"Borgo Cadorna, 75, 84012, Angri (SA)",Francesco Babbo
NLCCSN79D65A006B,"Strada Toni, 630 Piano 7, 07018, Pozzomaggiore (SS)",Rosaria Spinelli
MRPBNT33T41F358M,"Borgo Ottavio, 41 Piano 9, 85021, San Cataldo Di Bella (PZ)",Francesco Zecchini
GRNBRR25P51I242O,"Stretto Cremonesi, 1 Appartamento 6, 43017, San Secondo Parmense (PR)",Angelo Malenchini
PLSNNI79M62L696Q,"Contrada Toso, 8, 03033, Scaffa (FR)",Dott. Toni Agnesi
BRTLRZ20L46L709W,"Viale Marcantonio, 663, 00199, Roma (RM)",Dott. Cecilia Bertoni
VNTGNT18D42C440S,"Strada Curiel, 44 Piano 2, 72019, San Vito Dei Normanni (BR)",Tina Bragaglia-Bajamonti
PGNLDC60M71G761O,"Contrada Costantino, 198, 23851, Sala Al Barro (LC)",Emma Corbo
BRNTZN20E28F608K,"Rotonda Manzoni, 4, 35027, Noventa Padovana (PD)",Ugolino Iacovelli
CRSCML42T48L562S,"Vicolo Donatello, 487, 13010, Villata (VC)",Melissa Brunelleschi
NTNGBL59A22C633D,"Stretto Tatiana, 14, 21022, Azzate (VA)",Emma Petralli
CVSFBZ92A09F492L,"Canale Donatella, 0, 46020, Schivenoglia (MN)",Elvira Traversa
GBLRNZ47E66H523B,"Vicolo Caetani, 390 Appartamento 4, 34170, Gorizia (GO)",Eraldo Anastasi-Lancisi
BTTRCT52B58G277S,"Vicolo Gentilini, 39 Piano 5, 41015, La Grande (MO)",Dott. Liana Serlupi
RZZLND96H09E500R,"Incrocio Giorgio, 57 Piano 6, 63076, Centobuchi (AP)",Angelo Favata
ZCCDNN25C15A419W,"Incrocio Agnolo, 71, 00151, Roma (RM)",Livia Trobbiani
SRDLLR71D05B399O,"Borgo Carlo, 70, 87012, Vigne Di Castrovillari (CS)",Gianluca Durante
MNTGNR59E55B787Y,"Viale Giammusso, 566 Appartamento 88, 21052, Borsano (VA)",Romolo Garozzo
LPUFRZ90P54I743R,"Piazza Pisaroni, 738, 45032, Bergantino (RO)",Gemma Schiavone
CBBCSN44T71B300Y,"Vicolo Giacobbe, 22, 64030, Basciano (TE)",Edoardo Grasso
BLBGLS83D60M069L,"Piazza Elisa, 119 Piano 5, 21056, Induno Olona (VA)",Sig.ra Lolita Tebaldi
GRNPRN15A08A075E,"Incrocio Randazzo, 58 Piano 6, 38013, Vasio (TN)",Serafina Troisi
GLTGNT00H61E839A,"Via Mozart, 1, 27025, Gambolo' (PV)",Ennio Venturi
SMMCRL19L49B883G,"Contrada Dante, 70, 20148, Milano (MI)",Anita Battaglia
BLLMRA63P10H779G,"Via Tonia, 59, 13812, San Paolo Cervo (BI)",Raffaella Crisafulli
GNNGFR09L55L248Z,"Contrada Iolanda, 1, 24021, Abbazia (BG)",Adele Emanuelli
FLCRSR32P65A085Y,"Strada Pacillo, 2, 12061, Carru' (CN)",Elladio Abba
PLMLNA79E19A435P,"Vicolo Lamberto, 983, 83027, Mugnano Del Cardinale (AV)",Dott. Niccolò Draghi
PNCGCB90P54B138Q,"Stretto Malenchini, 0 Appartamento 1, 88831, Scandale (KR)",Carla Bonolis
DPRCRL04R50E091G,"Vicolo Pierangelo, 862 Piano 4, 53036, Staggia (SI)",Vincenzo Pavone
NRBPRL28R65E759C,"Incrocio Ceri, 217, 25070, Treviso Bresciano (BS)",Melania Sanudo
PRDDMC97C66H198J,"Strada Soderini, 8 Appartamento 2, 21026, Gavirate (VA)",Dott. Amico Gabba
TRVGRN24A53D390G,"Via Ceri, 158 Piano 0, 06014, Montone (PG)",Sig. Ranieri Tartaglia
CNTRSL58P06F587Y,"Incrocio Vincenzo, 43 Piano 2, 95129, Catania (CT)",Dott. Maurizio Lattuada
SPNVTR77L61L269U,"Incrocio Cipolla, 2 Piano 1, 94100, Enna (EN)",Alessandra Pascarella
BNNMLN63S20E949P,"Strada Borsiere, 39, 26833, Comazzo (LO)",Alphons Bixio
VRNRBT30S65B828G,"Contrada Francesco, 0 Appartamento 7, 12027, Pradleves (CN)",Sig. Goffredo Luria
TRCSLO67P27C461D,"Incrocio Bianchini, 2, 36045, Alonte (VI)",Cecilia Curatoli
FRSMCL53H69A433T,"Canale Nina, 81 Appartamento 6, 30132, Venezia (VE)",Fabia Tozzo-Chindamo
LNCBTC54T21B853A,"Rotonda Alfonsi, 2, 80131, Napoli (NA)",Massimo Nugnes
TMSGTN94R42I917E,"Strada Lando, 73 Appartamento 3, 21036, Gemonio (VA)",Dott. Coluccio Malacarne
MLSRNL44R03H808G,"Viale Ronaldo, 29, 87040, Andreotta (CS)",Pina Rismondo
PGFNTL14P51I626I,"Vicolo Ramazzotti, 231, 98132, Mili Marina (ME)",Leone Udinese
CRVDLA94E29C553T,"Piazza Gianni, 7 Piano 5, 60027, Osimo Stazione (AN)",Ornella Abba-Muratori
TRBMRA74T69D945Y,"Rotonda Tomei, 37 Appartamento 4, 38026, Cusiano (TN)",Temistocle Palumbo
PTRGLT97D12I289M,"Piazza Luciana, 59 Piano 1, 62029, Tolentino (MC)",Calcedonio Crespi
PRZPCC56P68L970W,"Piazza Bossi, 86 Appartamento 7, 02033, Ginestra Sabina (RI)",Torquato Fusani
BRFLPN97H54G210Z,"Strada Guidone, 43 Appartamento 1, 40035, Baragazza (BO)",Federigo Majorana
CCRMRC92H51H147G,"Contrada Tagliafierro, 53 Appartamento 7, 35142, Mandria (PD)",Valentina Malipiero
ZBRNTN74A08D131P,"Strada Garibaldi, 92 Appartamento 7, 43055, Mezzano Inferiore (PR)",Dott. Barbara Mondaini
MLNMLN97A18D612V,"Incrocio Nonis, 1 Appartamento 7, 10094, Giaveno (TO)",Alina Cuomo
LNTPRG37H62F914I,"Borgo Ferdinando, 8, 76017, San Ferdinando Di Puglia (BT)",Sig.ra Tonia Meucci
MLDMBT95P64M080D,"Vicolo Monteverdi, 8 Piano 4, 64011, Alba Adriatica (TE)",Gioacchino Trotta
BRMTLL47R47I071A,"Rotonda Filippa, 12, 26024, Paderno Ponchielli (CR)",Giuliana Gentileschi
PRZRLD25L57D338F,"Vicolo Stefano, 75, 17031, Bastia (SV)",Romeo Ceschi-Moccia
GRDLRI54P19I677Z,"Contrada Canevascini, 88, 10038, Casabianca (TO)",Rita Perozzo
CRCNRC90H61G837J,"Vicolo Ossani, 37 Piano 9, 90121, Brancaccio Ciaculli (PA)",Dott. Giada Aporti
GLNCRT22S01E715Z,"Rotonda Canetta, 418, 80134, Napoli (NA)",Eliana Collina-Strangio
BRCSRS13C51D733F,"Stretto Angelica, 77, 13845, Ronco Biellese (BI)",Gioele Aporti
GGLFBZ51P47C317Q,"Canale Trevisani, 9 Piano 9, 09122, Cagliari (CA)",Sig. Augusto Togliatti
PRTLRT01A13L297V,"Piazza Marco, 30, 10156, Falchera (TO)",Galasso Manolesso
NTNGST12A43M319V,"Borgo Bevilacqua, 19 Appartamento 2, 14025, Chiusano D'Asti (AT)",Evangelista Vecoli
GLDGSN60R43C958P,"Viale Camuccini, 747, 86018, Toro (CB)",Sig. Romeo Ceschi
RSTGVN90R16E911K,"Via Leopoldo, 8, 97015, Rocciola Sorda (RG)",Ivan Peano
CMSMCL75A44E588H,"Rotonda Bianca, 57 Appartamento 5, 71030, Zapponeta (FG)",Enrico Emanuelli-Aporti
GROTTN61D16H735M,"Via Versace, 6, 14019, Villanova D'Asti (AT)",Sig.ra Monica Metella
VGDRTI01A09F846Z,"Canale Vito, 472 Piano 4, 53015, Scalvaia (SI)",Giampiero Chiaramonte
MRRDMA84H66F110C,"Piazza Malaparte, 90 Piano 3, 43055, Mezzano Inferiore (PR)",Ugo Iannucci
PRZTZN67B67F455T,"Via Dante, 10 Appartamento 5, 50123, Firenze (FI)",Ippazio Zanichelli
SLVVNN71H68C079W,"Contrada Maura, 58 Appartamento 43, 61028, Sassocorvaro (PU)",Sig.ra Antonina Polesel
GNSCLL03T09C428Y,"Via Depero, 6 Appartamento 3, 25083, San Michele (BS)",Dott. Rodolfo Vendetti
NNTFLP42A08I643G,"Canale Venier, 96, 26038, Torre De' Picenardi (CR)",Francesca Pinamonte
BTAPRI02S59D317Q,"Piazza Alberico, 43 Piano 1, 15057, Castellar Ponzano (AL)",Dott. Tina Bajamonti
FNTVRC37E27G114Z,"Viale Morena, 3 Piano 9, 25129, Brescia (BS)",Dott. Nedda Cantimori
GNSBRR18E55H661Z,"Incrocio Iadanza, 88 Piano 8, 23836, Tremenico (LC)",Sig.ra Annetta Moneta
BLLLMR04C70H017B,"Via Antonietta, 9, 87020, Tortora Marina (CS)",Gaspare Montanari-Totino
FRNTTE26H26A987W,"Borgo Puccini, 66, 36054, Montebello Vicentino (VI)",Arnaldo Dallapé-Cutrufo
LBRFRN53S63L596Y,"Via Gianfranco, 829, 66018, Taranta Peligna (CH)",Nanni Semitecolo
TRNMNC96P03E905E,"Contrada Puglisi, 870, 25089, Bostone (BS)",Ilaria Coardi
PTRSRN88T22C594U,"Strada Mondaini, 21 Piano 9, 53015, Monticiano (SI)",Annetta Murialdo-Gori
NCHMRC08T70G065O,"Via Dossetti, 592 Piano 7, 31027, Visnadello (TV)",Orazio Tuzzolino
BSDBNT44A57D617H,"Stretto Polizzi, 6 Appartamento 8, 06010, Lippiano (PG)",Rosaria Randazzo
BRCDRT73H63M364G,"Viale Chechi, 99, 90133, Tribunali Castellammare (PA)",Pierina Vecellio
GLLRZO93R54L083B,"Piazza Carosone, 41, 15042, Mugarone (AL)",Dott. Amico Ostinelli
PRZCRN27B50G105Z,"Rotonda Giovanna, 4, 13882, Cerrione (BI)",Napoleone Crispi
SMNSBL78M28L578F,"Piazza Foletti, 879, 57028, Montioni (LI)",Graziella Antonacci
LFNNZE90C64H203Z,"Contrada Iacovelli, 761, 13853, Crosa (BI)",Luigina Piccinni-Ottino
VTTLSI87P28A424O,"Stretto Giacomo, 537 Appartamento 6, 39017, Tall (BZ)",Luigi Luciani
PSTMRD30B18D972R,"Vicolo Pedrazzini, 61 Appartamento 13, 30021, San Giorgio Di Livenza (VE)",Sig. Ciro Morandini
CHGDNT83L42E441R,"Piazza Raffaellino, 21, 02033, Monteleone Sabino (RI)",Paoletta Jacuzzi
CHNGLI99C15C699Q,"Borgo Gotti, 32 Piano 9, 52011, Bibbiena (AR)",Graziella Tresoldi
VRGBPP32E59F493F,"Strada Ferrari, 18, 13888, Mongrando (BI)",Michelangelo Ruggieri
RRGCHR09P11A809A,"Strada Tiziano, 88, 04012, Le Castella (LT)",Berenice Vigliotti-Castiglione
GMMCNT57D11A360Y,"Viale Natta, 83 Piano 2, 21027, Barza (VA)",Rosaria Buscetta
MRCRND09L51D773D,"Contrada Canetta, 49, 02023, Sant'Agapito (RI)",Bianca Tomaselli
VNVNNT17A23E274X,"Via Liberto, 483, 28896, Quarna Sotto (VB)",Enzo Staglieno
DNTNCT30C29B371R,"Strada Vincenzo, 37 Appartamento 12, 13883, Roppolo (BI)",Fabrizio Pizzo-Scalfaro
SRDMRN44D59I715Y,"Vicolo Lodovico, 49, 43029, Vignale (PR)",Pier Cabrini
FBNLND49L17C539R,"Vicolo Grimani, 2 Appartamento 9, 15024, Abbazia (AL)",Germana Tognazzi
GTTBNC67C10H063R,"Incrocio Lamberto, 17, 50026, Mercatale (FI)",Sig.ra Filippa Barbarigo
CRPNNI18E41F697D,"Rotonda Pelli, 575 Appartamento 2, 86091, Bagnoli Del Trigno (IS)",Camillo Guarato
GNVSTN88P08G015X,"Viale Capone, 212 Appartamento 9, 12017, Robilante (CN)",Amico Bianchi-Broggini
PRGSLV94R19M398Y,"Stretto Salvi, 594, 88042, Falerna (CZ)",Bianca Capecchi-Gualtieri
FLTMME15D30L535Y,"Rotonda Ottavio, 75, 11010, Chesallet Sarre (AO)",Annetta Leone
PTRDRN57D15F154K,"Borgo Giorgio, 0 Piano 0, 10075, Mathi (TO)",Cristina Camiscione
FDRDNT66S45C205G,"Vicolo Jacopo, 0 Piano 2, 12077, Prunetto (CN)",Paloma Parisi-Mancini
CNVFLR20B25G209C,"Piazza Lorenzo, 30 Piano 7, 38042, Montagnaga (TN)",Mariana Calbo
JVRRTI04L18L986R,"Rotonda Togliatti, 62, 82024, Decorata (BN)",Dott. Galasso Fibonacci
PNMGRN06B49I360L,"Rotonda Cibin, 139 Appartamento 6, 12011, Aradolo La Bruna (CN)",Rita Carullo
CSSDNL60L59D300V,"Vicolo Broggini, 79, 12044, Centallo (CN)",Bernardo Pietrangeli
TMBGSV32T66H918B,"Vicolo Sabatino, 7 Appartamento 20, 38068, Borgo Sacco (TN)",Luigina Crispi
MRGGCB52A55L004N,"Piazza Metella, 323 Piano 9, 88900, Crotone (KR)",Romeo Bruno
LNCMCL69M60D574B,"Viale Lucio, 5, 40067, Rastignano (BO)",Lara Cuda
BNCDRA39C25H658H,"Viale Travaglia, 26 Piano 6, 07020, Budduso' (SS)",Federico Morlacchi
TRTSNO78C05C331W,"Strada Morabito, 73 Appartamento 77, 41059, Rosola (MO)",Dott. Federigo Carullo
RRCFBZ56A05D464Q,"Piazza Trombetta, 567 Appartamento 1, 86096, Sant'Angelo In Grotte (IS)",Rossana Sordi-Errigo
GRGLNI45R18F482Z,"Incrocio Infantino, 9 Appartamento 44, 12070, Alto (CN)",Giacomo Ziani
DNZGNG11C54F020A,"Vicolo Palmisano, 3, 25043, Breno (BS)",Dott. Raffaello Sauli
BNNRMI65T26F815J,"Borgo Caironi, 483, 87026, Mormanno (CS)",Luciano Pellico-Norbiato
SLTVNS84M27B142K,"Contrada Scandone, 43 Piano 0, 72024, San Cosimo Alla Macchia (BR)",Orazio Santi
TMSDRN98M30H117I,"Incrocio Agostinelli, 164, 24041, Brembate (BG)",Valentina Scarponi
BTTRMD97A57F749N,"Piazza Lolita, 377 Appartamento 52, 26863, Orio Litta (LO)",Letizia Miniati-Sauli
TTNGLT08A17F711D,"Borgo Monica, 6, 63811, Sant'Elpidio A Mare (FM)",Sig.ra Dolores Zabarella
CHPGLR56P62H895T,"Canale Volta, 274 Piano 1, 85037, Sant'Arcangelo (PZ)",Achille Golgi-Fabrizi
BLTCRT71L18F974I,"Strada Marino, 3, 23862, Civate (LC)",Dott. Lucio Cattaneo
CRNFRN24L50M119R,"Via Paolo, 63, 16048, Parazzuolo (GE)",Giampiero Esposito
DDUDRN50L67I470L,"Contrada Francesca, 466 Appartamento 69, 23034, Grosotto (SO)",Stefania Antonioni
MRZNNT67R10B905V,"Canale Interminei, 73, 30016, Iesolo (VE)",Aurora Lerner-Zampa
CFRRFL88R47L582W,"Rotonda Liberto, 4, 36052, Enego (VI)",Salvi Zacco-Bassi
GLDGRL19B21A851P,"Canale Rizzoli, 822, 28841, Antrona Schieranco (VB)",Lorenzo Mazzeo
MSKMLN89L06L736E,"Via Leonardo, 80 Appartamento 30, 21027, Biandronno (VA)",Million Musk
MSKMLN73R08L483T,"Via Samone, 80 Piano 30, 20811, Cesano Maderno (MB)",Melon Musk
