m,CountingSort,MergeSort,QuickSort,QuickSort3w
10,0.00012041,0.00174956,0.00635172,0.00029477
10,0.00010782,0.00163428,0.00599217,0.00028406
10,0.00010888,0.00156504,0.00588918,0.00027833
10,0.00011621,0.00170768,0.00587086,0.00031492
10,0.00011546,0.00167464,0.00594911,0.00029811
10,0.00012692,0.00189474,0.00649837,0.00030038
10,0.0001102,0.00161646,0.00586286,0.00028772
10,0.00010944,0.00168846,0.00582059,0.00029342
10,0.00011258,0.00170008,0.00592756,0.00027992
11,0.00010964,0.00163804,0.00535082,0.00029021
11,0.00010932,0.00162108,0.00528272,0.00030559
11,0.00010713,0.00164078,0.00524268,0.00030062
11,0.00010916,0.00160092,0.0054137,0.0003033
11,0.00010791,0.0016342,0.00533528,0.00029005
11,0.00010711,0.00156827,0.0052905,0.00029216
11,0.00010903,0.00160401,0.00532882,0.00030117
12,0.00010828,0.0015797,0.00488604,0.00031232
12,0.00010752,0.00164799,0.00487319,0.00030168
12,0.00010761,0.00162297,0.00500459,0.00033864
12,0.00011103,0.00165317,0.00487479,0.00031444
12,0.00010952,0.00162985,0.00498404,0.00030944
12,0.00011634,0.00169072,0.00507121,0.00030474
12,0.00011057,0.00169123,0.00511523,0.00032566
13,0.00010672,0.0015943,0.00449234,0.00032716
13,0.00011111,0.00160041,0.0045275,0.00032032
13,0.00010835,0.00160548,0.00456457,0.00032194
13,0.00010702,0.00159035,0.00453401,0.00031672
13,0.00010916,0.0016055,0.00456538,0.00033002
13,0.00011051,0.0016148,0.00451314,0.0003145
13,0.00010718,0.00162504,0.0045177,0.00031515
14,0.00011938,0.0017055,0.00437921,0.00034406
14,0.00010594,0.0015857,0.0042379,0.00034092
14,0.00010847,0.00164844,0.00432585,0.00032724
14,0.00011936,0.00170242,0.00454087,0.00034
14,0.0001175,0.00166231,0.00434224,0.00034008
14,0.00011334,0.0016778,0.00455402,0.00033192
15,0.00011479,0.00170765,0.00423028,0.00035662
15,0.00011151,0.00171961,0.00417411,0.0003463
15,0.00013588,0.00195589,0.00419633,0.00034753
15,0.00012432,0.00182638,0.00435034,0.00035618
15,0.00011351,0.00176178,0.00423429,0.00037573
16,0.00012253,0.00180358,0.00396532,0.00036803
16,0.00011019,0.0017022,0.0039019,0.00034433
16,0.00010988,0.00173785,0.00387992,0.00035077
16,0.00011398,0.00181572,0.00400057,0.00036809
16,0.00011108,0.001769,0.00411035,0.00036804
16,0.00011434,0.00170345,0.0042641,0.00040162
17,0.00014356,0.00200468,0.00494694,0.0004021
17,0.00010669,0.00160351,0.003641,0.00037165
17,0.00010865,0.00166142,0.00375743,0.00035636
17,0.0001245,0.0017305,0.0039954,0.00038074
17,0.00011028,0.0017187,0.00375478,0.00036284
18,0.00011727,0.00188383,0.00362016,0.00038614
18,0.00012374,0.0018203,0.00372348,0.00040191
18,0.00010956,0.00169588,0.00349187,0.00041403
18,0.00010674,0.00164755,0.00352261,0.00036805
19,0.00011229,0.00174694,0.00341742,0.00039604
19,0.00010602,0.00165312,0.00330846,0.00037886
19,0.0001297,0.00200344,0.00393132,0.00041441
19,0.00012032,0.00190173,0.00408761,0.00044261
19,0.00014963,0.00220307,0.00457279,0.00041788
20,0.00013616,0.00209199,0.00362057,0.00040575
20,0.0001308,0.00194587,0.00355614,0.00038657
20,0.00012906,0.00200777,0.00389577,0.00041905
20,0.00014337,0.00221948,0.00378698,0.00041594
21,0.00013005,0.00181662,0.00332972,0.00040122
21,0.0001233,0.00188551,0.00346315,0.00039818
21,0.00014422,0.00199032,0.00359256,0.00041443
21,0.00013757,0.00200586,0.00346028,0.00040908
22,0.00011471,0.00177935,0.00299564,0.00040354
22,0.00012191,0.00176452,0.00316719,0.00041322
22,0.00010955,0.00169504,0.00303616,0.00039458
22,0.00011722,0.00184039,0.00316812,0.0004103
23,0.00010818,0.00169908,0.00298207,0.00041778
23,0.00011395,0.00169057,0.00295678,0.00041997
23,0.00010494,0.00166183,0.00280495,0.00040729
24,0.00010929,0.00174356,0.00282516,0.00040993
24,0.00010672,0.00165111,0.00272267,0.00040935
24,0.00010635,0.00162677,0.00270614,0.00041298
24,0.00010687,0.00171721,0.00278502,0.00042038
25,0.00011304,0.00166295,0.00261239,0.00043982
25,0.00019291,0.00315012,0.00499718,0.00072322
25,0.00016512,0.00265976,0.00447974,0.0006375
26,0.00018005,0.00279327,0.00434604,0.00072852
26,0.00020652,0.00332003,0.00477744,0.00071302
26,0.00019134,0.002696,0.0041937,0.00064926
26,0.00018379,0.00272346,0.00439424,0.0007031
27,0.0001644,0.00252498,0.00392091,0.00065807
27,0.00017366,0.00255326,0.0040557,0.00062976
27,0.00017299,0.00268123,0.0041655,0.00070907
28,0.00017922,0.00261783,0.00402831,0.0007425
28,0.00016786,0.00252927,0.00372384,0.0005735
28,0.00017793,0.0025247,0.00366951,0.00062481
29,0.00016774,0.00237074,0.00361,0.0006485
29,0.00017116,0.00274313,0.00382107,0.00074523
29,0.00017032,0.00251122,0.00343955,0.00063684
30,0.0001679,0.00262976,0.00342534,0.00056318
30,0.00019275,0.00278198,0.00377116,0.00072084
30,0.0001725,0.0026455,0.00360121,0.0006343
31,0.00019272,0.00239853,0.00328615,0.00062988
31,0.00019243,0.00262952,0.00382102,0.00061544
32,0.00021657,0.00271455,0.00363442,0.00067808
32,0.00021062,0.00260286,0.00367997,0.00062955
32,0.00018926,0.0027211,0.00355583,0.00072096
33,0.00019473,0.00307387,0.00364126,0.00075244
33,0.000221,0.00375366,0.00459433,0.00087088
33,0.00025426,0.00404495,0.0044347,0.00083408
34,0.00018216,0.00274036,0.00356393,0.00073855
34,0.00017562,0.00268983,0.00317664,0.00067387
35,0.00017806,0.0028988,0.00347702,0.00075282
35,0.00017824,0.00280075,0.00314972,0.0007466
35,0.00024048,0.00360418,0.00455552,0.00088855
36,0.00022483,0.00367998,0.00397263,0.00085296
36,0.00024209,0.00387696,0.00473824,0.0009355
37,0.00023387,0.00387254,0.0040253,0.00083818
37,0.00019945,0.00322595,0.0034885,0.0007114
38,0.00020566,0.00310825,0.00324606,0.00076332
38,0.00016422,0.00274992,0.00303178,0.00074687
38,0.0001967,0.00284269,0.00307896,0.00078563
39,0.00019082,0.00278935,0.00321636,0.00083754
39,0.00021145,0.00317264,0.00339676,0.00080984
40,0.00017728,0.00263288,0.00283862,0.00073898
40,0.0001942,0.00270859,0.00278328,0.00073327
41,0.0001801,0.0024838,0.00285164,0.00075616
41,0.00016535,0.00269346,0.00291686,0.0007064
42,0.00017759,0.00250228,0.00319008,0.00076452
42,0.00017076,0.00265788,0.00260088,0.00077596
43,0.0001661,0.00263519,0.00240346,0.00066769
43,0.00018819,0.00323762,0.00317413,0.000803
44,0.00017105,0.00260475,0.00273037,0.00074685
44,0.00016776,0.00257372,0.00251795,0.00074722
45,0.00016515,0.00270926,0.00272016,0.00073796
45,0.00019629,0.00323762,0.00320288,0.00087774
46,0.00018787,0.00261087,0.00263494,0.00075671
46,0.0001865,0.00269376,0.00290286,0.00082129
47,0.00015224,0.00250395,0.00269052,0.0007908
47,0.00016598,0.00270595,0.00276292,0.0007716
48,0.00016855,0.00276848,0.00263395,0.00082777
49,0.00017062,0.00284677,0.00257441,0.00089307
49,0.00021398,0.00366302,0.00316593,0.00092058
50,0.00016754,0.00277451,0.0026083,0.00084358
50,0.00017096,0.00278695,0.00257987,0.00080611
51,0.00017661,0.00287973,0.00241962,0.00086639
51,0.00016499,0.00271574,0.00247097,0.00081651
52,0.00016411,0.00283291,0.00243549,0.00082288
53,0.00019928,0.00303373,0.00261996,0.00091363
53,0.00017491,0.00283702,0.00263396,0.00084984
54,0.00017489,0.00271513,0.0024841,0.00092767
55,0.00017506,0.00269473,0.00240951,0.00087063
55,0.00018323,0.00290429,0.00244723,0.00091573
56,0.00015876,0.00273246,0.00239282,0.0008401
56,0.0001736,0.00283791,0.00247784,0.00087688
57,0.00016778,0.00280551,0.00251586,0.00087632
58,0.00017296,0.00277132,0.0025179,0.00092876
58,0.00016659,0.00272113,0.00244252,0.0008496
59,0.00016974,0.0027914,0.0022902,0.00075901
60,0.00018396,0.00286299,0.00249571,0.00099172
61,0.00017424,0.00279488,0.00250744,0.00085547
61,0.0001524,0.00273208,0.00235822,0.00078697
62,0.00015953,0.00282651,0.00245658,0.00092331
63,0.00017639,0.00267893,0.00220239,0.0009069
63,0.00016438,0.00267134,0.00213448,0.00083884
64,0.00017408,0.00280016,0.00227848,0.00092006
65,0.00018095,0.00286412,0.00232613,0.00090228
66,0.00017235,0.00285905,0.00243526,0.00097579
66,0.00017828,0.00287132,0.00236841,0.00103842
67,0.00018323,0.00292209,0.00243254,0.00100614
68,0.00018419,0.00289214,0.00239283,0.00105534
69,0.00017556,0.0029446,0.00230463,0.00092359
70,0.00016632,0.00286633,0.00230766,0.00098087
70,0.00019486,0.00293284,0.00228768,0.00100298
71,0.00018221,0.00290378,0.00228633,0.0010103
72,0.00019143,0.00294156,0.00232409,0.00099973
73,0.0001776,0.00284606,0.00227391,0.00100276
74,0.00017887,0.00289254,0.00227732,0.0009896
75,0.00017694,0.00290725,0.00222749,0.00101478
76,0.0001806,0.00302768,0.00212328,0.00099369
76,0.000191,0.00297565,0.00227433,0.00105152
77,0.00018186,0.00289479,0.00219306,0.00099743
78,0.00020296,0.00295402,0.00225656,0.00101833
79,0.0001816,0.00293661,0.0022494,0.00102645
80,0.00018184,0.00295036,0.00211926,0.00100758
81,0.00018374,0.00289388,0.00213606,0.00103384
82,0.00019488,0.00292683,0.00214762,0.0010399
83,0.00017938,0.00293374,0.00217149,0.00099863
84,0.00018656,0.00300236,0.0021326,0.00107085
85,0.00017848,0.00289612,0.00209277,0.0010488
86,0.00018113,0.00295185,0.0021847,0.00104819
87,0.00017193,0.00303223,0.00203922,0.00103344
88,0.00019846,0.00286638,0.002129,0.00109361
89,0.00018364,0.00301099,0.00204031,0.00105636
90,0.00017847,0.00292336,0.002094,0.00108138
91,0.00017099,0.00297614,0.00198276,0.00096982
92,0.00018069,0.00293295,0.0020831,0.00106884
93,0.00018762,0.00294345,0.00204029,0.00106659
94,0.00017537,0.00295882,0.00207958,0.00102964
95,0.00017857,0.00291039,0.00207197,0.00106874
96,0.00018552,0.00300868,0.00198154,0.00106937
97,0.00017741,0.00291204,0.00211523,0.00106315
99,0.00025417,0.00300454,0.00200602,0.00107756
100,0.00019656,0.00288314,0.00204121,0.00111588
101,0.0003003,0.00391545,0.00232032,0.00116171
102,0.00019534,0.00297966,0.00196311,0.00113422
103,0.00017936,0.00296306,0.00199951,0.0010864
104,0.00018411,0.0030006,0.00204024,0.00106174
106,0.0001736,0.00297832,0.00185986,0.00110975
107,0.00017639,0.00296167,0.00191781,0.0010938
108,0.00017881,0.00310563,0.00191188,0.00113231
109,0.00017656,0.00291682,0.00195248,0.00107176
111,0.00018263,0.00299653,0.00195586,0.00112316
112,0.00018639,0.00295316,0.0019184,0.00110217
113,0.00017817,0.0030221,0.00189845,0.0011543
115,0.00018021,0.00297852,0.00186242,0.0011405
116,0.00017634,0.00297682,0.00187616,0.00115249
117,0.00018184,0.00290462,0.00187052,0.0011801
119,0.00018077,0.00297362,0.00189111,0.00117085
120,0.00017662,0.00297153,0.00187186,0.00113599
121,0.00017648,0.00296957,0.00184004,0.00108569
123,0.00017141,0.00291404,0.00190377,0.00112136
124,0.00017092,0.00302325,0.00178899,0.00110206
126,0.00019875,0.00347469,0.00202492,0.00122643
127,0.00019174,0.00290063,0.0017974,0.00117189
129,0.00017861,0.00301195,0.00178244,0.00111684
130,0.00017739,0.00292335,0.00185506,0.00117682
132,0.00018169,0.0029792,0.00176118,0.00117024
133,0.00018647,0.00293331,0.0018753,0.00117991
135,0.00018017,0.00295991,0.00180656,0.0011972
136,0.00018522,0.00301908,0.00185536,0.00114186
138,0.0001834,0.00300708,0.00177335,0.00117768
140,0.00017482,0.00305878,0.00180564,0.00117042
141,0.00018675,0.002931,0.00177709,0.00118466
143,0.00018002,0.00300179,0.00181333,0.00118016
144,0.00017798,0.00300944,0.00175511,0.00121954
146,0.00017753,0.00307997,0.00168616,0.00110888
148,0.00018076,0.0029175,0.00180624,0.00120162
150,0.00018747,0.0030188,0.00178212,0.00124578
151,0.00017444,0.0030984,0.00178855,0.00118523
153,0.00017789,0.002983,0.0017562,0.00121784
155,0.00019859,0.00303089,0.00174302,0.00119477
157,0.00019929,0.00311066,0.00174071,0.00124488
158,0.00018912,0.00300692,0.00172809,0.00121488
160,0.00017444,0.00303437,0.0017732,0.00117569
162,0.00017344,0.00303156,0.00177184,0.00122797
164,0.00017674,0.00312198,0.00171297,0.00126078
166,0.00018487,0.00304962,0.0016765,0.00119499
168,0.00019174,0.00308838,0.00168495,0.00128432
170,0.00018282,0.00304625,0.00167154,0.00123465
172,0.00017673,0.00320179,0.0016716,0.00116761
174,0.00019158,0.00304547,0.0017165,0.00128659
176,0.00018957,0.0030731,0.00167138,0.00122772
178,0.00017212,0.00289665,0.00168798,0.00121686
180,0.00019192,0.00296877,0.0017085,0.0012385
182,0.00019058,0.00328474,0.00176672,0.00130282
184,0.00021262,0.00380196,0.00178065,0.00137401
186,0.00021136,0.00371048,0.00187792,0.0013762
188,0.00021049,0.00404011,0.00182148,0.0013861
191,0.00016698,0.00300499,0.00139121,0.00103939
193,0.00020867,0.003864,0.00179483,0.00135178
195,0.00019156,0.00333373,0.00179118,0.0013398
197,0.00019725,0.00306695,0.00161797,0.00129383
200,0.00018296,0.00307774,0.00158806,0.00133659
202,0.00017124,0.00293036,0.00164929,0.00128535
204,0.00019272,0.00333734,0.00172833,0.00139336
207,0.00021839,0.00375318,0.0019359,0.00138027
209,0.00020464,0.00355099,0.00177853,0.00144189
211,0.0001865,0.00312184,0.00160556,0.00132028
214,0.00019356,0.0030406,0.00165526,0.0012618
216,0.00017241,0.00297524,0.0015773,0.0013204
219,0.00019715,0.00305419,0.00159797,0.00137455
221,0.00016456,0.00298802,0.00166362,0.00126266
224,0.00017281,0.00303574,0.00168344,0.00132978
227,0.00018311,0.00301469,0.00155752,0.00137177
229,0.00020409,0.0030565,0.00156613,0.00131196
232,0.00018142,0.00302985,0.00161746,0.00136316
235,0.00018625,0.00299848,0.00157356,0.00134797
237,0.00021767,0.00348988,0.00169124,0.0014047
240,0.00018352,0.0030764,0.00163708,0.00137008
243,0.0001838,0.00308186,0.00158373,0.00136066
246,0.0001959,0.00295374,0.0015402,0.00138912
249,0.00017748,0.00301925,0.00154036,0.0013355
252,0.00019664,0.00299948,0.00155838,0.00130029
254,0.00017427,0.00298856,0.00154188,0.00128304
257,0.00018651,0.0030383,0.00160724,0.0013656
260,0.00016935,0.00305126,0.00161761,0.0012951
263,0.00017833,0.00299219,0.00157739,0.00134693
266,0.00017414,0.00306137,0.00156445,0.00133971
270,0.00019178,0.0031313,0.00154427,0.00139425
273,0.00017504,0.00306668,0.00157865,0.00138325
276,0.00020376,0.00312893,0.00157614,0.00144874
279,0.00018124,0.00308164,0.00155203,0.00140428
282,0.00018939,0.00305229,0.00158248,0.0013922
286,0.00018565,0.0030367,0.0015362,0.00142545
289,0.00018326,0.0030049,0.0015319,0.00139158
292,0.00018322,0.00302386,0.00151282,0.00141045
296,0.00019071,0.00340406,0.00168074,0.00153233
299,0.00018327,0.00310184,0.00156517,0.00144785
303,0.00017364,0.00303878,0.00150989,0.00140558
306,0.0001863,0.00308535,0.00152308,0.00145024
310,0.00017244,0.00299584,0.00156906,0.00137953
313,0.00018013,0.00309308,0.00157185,0.00147982
317,0.00017696,0.00305916,0.00156272,0.00146002
321,0.00017898,0.00312104,0.00150594,0.00143283
324,0.00017636,0.00309312,0.00146072,0.00145405
328,0.00017636,0.00305928,0.00151173,0.00137407
332,0.00018774,0.00308256,0.00160684,0.00142204
336,0.00018086,0.00301417,0.00152518,0.00146544
340,0.00017849,0.00296869,0.00153631,0.00145414
343,0.00018896,0.00299372,0.0015299,0.0014389
347,0.00018338,0.00315363,0.00149568,0.00144663
352,0.00019083,0.00303087,0.00154868,0.00143235
356,0.0001782,0.00305873,0.00147961,0.00142504
360,0.00017225,0.00303871,0.00145868,0.00146549
364,0.00019182,0.00332733,0.00156794,0.00147628
368,0.00018444,0.00308733,0.00150281,0.00144847
372,0.00018147,0.00322066,0.00147156,0.00150164
377,0.0001754,0.00310047,0.00149325,0.00150919
381,0.00017055,0.00302132,0.00144912,0.00141792
385,0.00018354,0.00312354,0.00146594,0.00146626
390,0.00017982,0.00309905,0.00151854,0.00148782
394,0.0001713,0.00299469,0.00155087,0.00152074
399,0.00018545,0.00316198,0.00152959,0.00153102
404,0.00019219,0.00313637,0.00148221,0.0015411
408,0.0001795,0.00313934,0.00148189,0.00152188
413,0.00018758,0.00302944,0.00149255,0.0014535
418,0.00017093,0.00298601,0.00145502,0.00152285
423,0.00018633,0.0030906,0.0014863,0.001495
428,0.00019317,0.00384982,0.00165665,0.0015327
433,0.00020504,0.00303403,0.00137794,0.00138683
438,0.00018822,0.00304427,0.00142454,0.00150346
443,0.00017903,0.0030221,0.00146212,0.00153628
448,0.00018658,0.00307679,0.00146844,0.00155326
453,0.00019927,0.00344123,0.00156844,0.00155436
458,0.00017708,0.0030879,0.00155179,0.00148363
464,0.00018278,0.00312566,0.0015063,0.00152701
469,0.0001742,0.00306294,0.00147428,0.00152528
474,0.00018358,0.00316107,0.0014487,0.00153539
480,0.00017785,0.00314159,0.00146429,0.00155813
486,0.00017664,0.00298483,0.00161472,0.00159688
491,0.0001783,0.00311649,0.00149015,0.00153838
497,0.000187,0.0031844,0.00145722,0.00153116
503,0.00019738,0.00306366,0.00149987,0.00156388
508,0.00017388,0.0030298,0.00139209,0.00149574
514,0.00018852,0.00309092,0.00150586,0.00160017
520,0.00018647,0.00302273,0.00145708,0.00155332
526,0.00018124,0.0031508,0.00147836,0.00157898
532,0.00018583,0.00320442,0.00149076,0.00157664
539,0.00017656,0.00309401,0.00145012,0.00157218
545,0.00017908,0.00313551,0.00147714,0.00154759
551,0.00020025,0.00302148,0.00147369,0.00158687
558,0.00018923,0.00322525,0.00154266,0.00163653
564,0.00018506,0.00305608,0.0014428,0.00157293
571,0.00017723,0.00311519,0.00146442,0.00156196
577,0.00019137,0.00310267,0.00148978,0.00166308
584,0.0001784,0.00310384,0.00150103,0.00160168
591,0.00020088,0.00321563,0.00156646,0.00154599
598,0.00017708,0.00310224,0.00149353,0.00158198
605,0.00019296,0.00304085,0.00147239,0.00155332
612,0.00018456,0.00310885,0.00150965,0.00161156
619,0.00018374,0.003163,0.00154714,0.00167053
626,0.00018609,0.00309909,0.00157226,0.00161531
633,0.00019759,0.00343937,0.00156869,0.00163328
640,0.00018208,0.00315259,0.0014913,0.00156138
648,0.00018671,0.00316873,0.00146554,0.0016832
655,0.00020289,0.00314559,0.00154985,0.00162544
663,0.00018632,0.00322239,0.001487,0.00163208
671,0.00018915,0.00309098,0.00150311,0.00156741
678,0.00019734,0.00304271,0.00146671,0.00165263
686,0.00019209,0.00326452,0.00148774,0.00173881
694,0.00017898,0.00306491,0.0014169,0.00163684
702,0.00019026,0.00317797,0.00151737,0.00173202
710,0.0001884,0.00317256,0.00149219,0.00170514
719,0.00018638,0.00308894,0.00149938,0.00162793
727,0.00017878,0.00309139,0.00148033,0.0016556
735,0.00017494,0.00305897,0.00146224,0.00174993
744,0.00017854,0.00305182,0.00144673,0.0016858
753,0.00018346,0.00307779,0.0014586,0.00168571
761,0.00018734,0.0031509,0.00145685,0.00172854
770,0.00017796,0.00316894,0.00146271,0.0016535
779,0.00018885,0.00308872,0.00145036,0.00170009
788,0.00018093,0.00311199,0.0014391,0.001674
797,0.0001764,0.00309498,0.00146621,0.00167193
807,0.00018978,0.00321171,0.00151972,0.00175345
816,0.00017555,0.00314019,0.00152396,0.00174975
825,0.0001792,0.00309555,0.00152126,0.00169172
835,0.00017874,0.00318866,0.00150812,0.00180262
845,0.00019785,0.00361186,0.00164436,0.00175645
854,0.00017902,0.00321559,0.00148196,0.00171849
864,0.00021284,0.00392784,0.0016426,0.00173449
874,0.00018768,0.00313242,0.0015091,0.00178011
885,0.00018521,0.0031113,0.00137698,0.00173934
895,0.0001858,0.00306596,0.00144838,0.00176476
905,0.00018288,0.00308898,0.00144536,0.00172286
916,0.0001801,0.00314591,0.00144961,0.00171988
926,0.0001841,0.00309733,0.00147814,0.00176392
937,0.00018191,0.00320278,0.00150813,0.00177267
948,0.00017644,0.0031661,0.00151895,0.00177923
959,0.00018476,0.00322985,0.00154022,0.00176343
970,0.00023169,0.00445899,0.00171803,0.00188036
981,0.00022734,0.00411323,0.0016586,0.00197967
993,0.0001861,0.00312668,0.0014699,0.00173101
1004,0.0001894,0.00311625,0.00150281,0.00183032
1016,0.00017531,0.00311841,0.00138114,0.00184381
1028,0.00018655,0.00332766,0.00159707,0.00178844
1039,0.00018394,0.00316914,0.00147155,0.00181061
1052,0.00018526,0.00322431,0.00148702,0.00182752
1064,0.00018262,0.00312544,0.00154582,0.00182425
1076,0.00019055,0.00314964,0.00150264,0.00179266
1089,0.00018457,0.00312064,0.00148954,0.00182045
1101,0.0001813,0.00318646,0.00154908,0.00181582
1114,0.00018855,0.00323729,0.0014684,0.00177348
1127,0.0001846,0.00312402,0.00149102,0.0018581
1140,0.00018863,0.00321245,0.00158196,0.00179301
1153,0.00017691,0.0031458,0.0014493,0.00175871
1166,0.00018968,0.00312806,0.00149018,0.00182577
1180,0.00019028,0.00307474,0.00143656,0.00180976
1194,0.00018857,0.00319672,0.00149772,0.00181786
1208,0.00018242,0.00310888,0.00152246,0.00183319
1222,0.00018744,0.00313575,0.001488,0.00178824
1236,0.00021194,0.00316176,0.0015532,0.00188446
1250,0.00017658,0.00317652,0.00150219,0.00177384
1265,0.00020202,0.00358654,0.00158789,0.00187522
1279,0.00017874,0.00302239,0.00155948,0.0018817
1294,0.00019332,0.00323118,0.00155773,0.00183489
1309,0.00019764,0.0031845,0.00153872,0.00180001
1324,0.00018197,0.00316102,0.00146012,0.00186567
1340,0.00018966,0.00305808,0.00146258,0.00182516
1355,0.00018266,0.00315359,0.0015253,0.00179409
1371,0.00018932,0.0031633,0.00157874,0.00189637
1387,0.00018422,0.00311488,0.00154174,0.00190485
1403,0.00018984,0.00311408,0.00154374,0.00190968
1419,0.00018428,0.00312837,0.00150345,0.0019649
1436,0.0001837,0.00311066,0.00152281,0.00195782
1452,0.00019167,0.0031356,0.00149509,0.00184956
1469,0.00017544,0.00311614,0.00157516,0.00189802
1486,0.00018194,0.00313639,0.00145348,0.0017088
1503,0.00015932,0.00271564,0.00122691,0.00149987
1521,0.00019002,0.00308867,0.00151712,0.00186742
1538,0.00019998,0.00353247,0.00166664,0.00195379
1556,0.00019064,0.00306297,0.00145455,0.00189308
1574,0.0001744,0.00292188,0.00128232,0.00169439
1592,0.00014266,0.00221251,0.00106398,0.00135252
1611,0.00015697,0.00284834,0.00139745,0.00168856
1630,0.00018887,0.00319622,0.00154072,0.00192947
1648,0.00018965,0.00313799,0.00152037,0.00194094
1668,0.00019148,0.00309496,0.0015242,0.00185396
1687,0.00018803,0.00320788,0.00154726,0.00193267
1706,0.00022404,0.00405262,0.00168766,0.00201026
1726,0.00018751,0.00320472,0.00158768,0.00198064
1746,0.00019479,0.00321093,0.0015702,0.00197302
1767,0.00020306,0.00304352,0.00161008,0.00192713
1787,0.00019021,0.00316271,0.00158259,0.00201502
1808,0.00017848,0.00306657,0.0015515,0.00190598
1829,0.00018809,0.00325612,0.00155532,0.00197015
1850,0.00018194,0.00312304,0.00166248,0.0018812
1871,0.00018096,0.00316326,0.00158094,0.00201811
1893,0.00020639,0.00347908,0.00162328,0.00209149
1915,0.00025504,0.00443652,0.0019069,0.00227014
1937,0.00023323,0.0041704,0.00182404,0.00206147
1960,0.00024516,0.00425332,0.00183488,0.00224608
1982,0.00019029,0.0031856,0.00158009,0.0019787
2005,0.00018852,0.00317665,0.00154378,0.00193922
2029,0.00018171,0.0032186,0.00158345,0.00191596
2052,0.00018151,0.00320571,0.00163116,0.00204475
2076,0.0001758,0.00314436,0.00159918,0.00195333
2100,0.00018216,0.00325501,0.00152472,0.00192678
2124,0.00018438,0.00302451,0.00157476,0.00192916
2149,0.000189,0.00320662,0.00161681,0.00201711
2174,0.00018763,0.00318292,0.00159331,0.00198748
2199,0.00018431,0.0031595,0.0016063,0.00199983
2225,0.00018255,0.0031057,0.00158671,0.00198198
2250,0.00018318,0.00329411,0.00159778,0.00202804
2276,0.00019843,0.00359172,0.00162291,0.0020573
2303,0.00018724,0.00316961,0.00165646,0.00204537
2330,0.00019495,0.003223,0.00167385,0.00205567
2357,0.00019495,0.00316134,0.00159058,0.00191434
2384,0.00015789,0.00294844,0.00162035,0.00204681
2412,0.00019425,0.00317422,0.00161192,0.00202556
2439,0.00018312,0.00287888,0.00156588,0.0019979
2468,0.00019037,0.00319693,0.0014585,0.00199888
2496,0.00019269,0.00309602,0.00153614,0.0020709
2525,0.00017558,0.00291704,0.00131553,0.00190678
2555,0.00017874,0.00296327,0.00156126,0.00193447
2584,0.00016322,0.00292068,0.00147248,0.00186064
2614,0.00017966,0.00286139,0.00139478,0.00185673
2644,0.00014516,0.00269124,0.00154028,0.00195344
2675,0.00017497,0.00285365,0.00171693,0.00183477
2706,0.00018076,0.00285442,0.00154498,0.00213121
2738,0.00020284,0.00332617,0.00140308,0.00190941
2769,0.00023285,0.00362844,0.00159633,0.00208574
2801,0.00021416,0.00356065,0.00155688,0.00199949
2834,0.00021049,0.00389227,0.0017227,0.00223454
2867,0.00022046,0.00326474,0.00155289,0.0019996
2900,0.00017458,0.00324828,0.0015855,0.00173203
2934,0.00018214,0.00313601,0.00161338,0.00195862
2968,0.00024188,0.00347111,0.00146801,0.00197434
3002,0.00020808,0.00286718,0.00168142,0.00196505
3037,0.00018952,0.00292262,0.00131467,0.00187946
3072,0.00019644,0.0032487,0.00159953,0.00206022
3108,0.00019306,0.00297917,0.00163237,0.0021052
3144,0.00023067,0.00460011,0.00181824,0.00237912
3180,0.00024455,0.00398659,0.00165969,0.0020937
3217,0.00018182,0.00288512,0.00141461,0.00204305
3254,0.00023261,0.00309108,0.00143983,0.00211751
3292,0.00021839,0.00315442,0.0014867,0.00200093
3330,0.00020452,0.00341334,0.00152679,0.00211991
3369,0.0001862,0.00303988,0.00132926,0.00193185
3408,0.00020407,0.00301244,0.00144764,0.0020073
3447,0.000194,0.003061,0.00153972,0.0020368
3487,0.00019283,0.00301896,0.0014267,0.00189046
3528,0.00018352,0.00304708,0.00150681,0.00204123
3569,0.00026435,0.00325542,0.00160186,0.00197211
3610,0.00021485,0.00335439,0.001473,0.00192466
3652,0.00017944,0.00295427,0.00148624,0.00202018
3694,0.00019362,0.0029626,0.00152514,0.00202259
3737,0.00018601,0.00298288,0.00161177,0.00202551
3780,0.00014704,0.00226846,0.00113224,0.00153919
3824,0.00012971,0.00195589,0.00097714,0.00129446
3868,0.0001306,0.0019606,0.00100566,0.00132948
3913,0.00013869,0.0020166,0.00104605,0.00134401
3959,0.0001253,0.00206179,0.00102262,0.0013216
4005,0.00012912,0.00205137,0.00100643,0.00135762
4051,0.00012941,0.00199043,0.00101277,0.00141729
4098,0.00013152,0.00210005,0.00100573,0.00136381
4145,0.00012676,0.00201734,0.00098961,0.00132199
4193,0.00011869,0.00191203,0.00097624,0.00134957
4242,0.00012242,0.00199629,0.00098551,0.00137657
4291,0.00013879,0.00208592,0.00099928,0.00140094
4341,0.00013225,0.00211182,0.00098524,0.00139077
4391,0.00013912,0.00208475,0.00102558,0.00134066
4442,0.00012473,0.00201594,0.00099229,0.00133158
4494,0.00013024,0.00195017,0.00102666,0.00134561
4546,0.00012519,0.00203492,0.00100812,0.0013478
4598,0.00013158,0.00201738,0.00099913,0.00138359
4652,0.00012334,0.00199058,0.00104202,0.00131186
4706,0.00012366,0.00191312,0.00098351,0.00132045
4760,0.00013138,0.00206747,0.00100877,0.00139634
4815,0.00013178,0.00195785,0.00101024,0.00137006
4871,0.00013248,0.00200836,0.00099604,0.00135512
4928,0.00012109,0.00199332,0.00098499,0.00134139
4985,0.00012292,0.00192135,0.00097231,0.00135459
5043,0.00012074,0.00191872,0.00099382,0.00133578
5101,0.00013104,0.00194824,0.00096962,0.0013479
5160,0.00012136,0.00211774,0.00104014,0.00133452
5220,0.00012356,0.00207112,0.00101249,0.00142764
5281,0.00012845,0.00195542,0.00102377,0.00137394
5342,0.00012205,0.00194924,0.0010255,0.00137837
5404,0.00014212,0.00193821,0.0009949,0.00135447
5466,0.00012953,0.00197554,0.00097825,0.00133149
5530,0.00012482,0.00200262,0.00103631,0.00134459
5594,0.0001407,0.00207666,0.00102868,0.00138195
5659,0.0001365,0.00205597,0.00103012,0.00136229
5724,0.00012267,0.00195246,0.00102124,0.00147252
5791,0.00013224,0.00200363,0.00099935,0.0013956
5858,0.00012102,0.00196486,0.00103834,0.0013615
5926,0.00012026,0.00200626,0.00099151,0.00136333
5994,0.00012488,0.00195726,0.00098799,0.00133246
6064,0.00012169,0.00195278,0.00099948,0.00135247
6134,0.00012834,0.0019535,0.00102091,0.00136184
6205,0.00012471,0.00204715,0.00100311,0.00137283
6277,0.000132,0.00194296,0.00100494,0.00135508
6350,0.00013016,0.00204664,0.0010462,0.00139461
6424,0.00012871,0.00196868,0.00101306,0.00134927
6498,0.00012841,0.00193348,0.00107783,0.00142124
6573,0.00012936,0.00191394,0.00098898,0.00140537
6650,0.00012719,0.00204038,0.00099731,0.0014143
6727,0.00012912,0.00190434,0.00103437,0.00139912
6805,0.00012903,0.00193298,0.00100934,0.00134606
6883,0.00012808,0.00192072,0.00099576,0.00137346
6963,0.00013136,0.00197891,0.00099936,0.00135609
7044,0.0001306,0.00191643,0.00101139,0.00140792
7126,0.00012575,0.00194504,0.0009709,0.00140807
7208,0.00012671,0.00200063,0.00101562,0.00139922
7292,0.00013074,0.00204846,0.00101156,0.00142402
7376,0.00013045,0.00196016,0.00097724,0.0014164
7462,0.00012668,0.00200219,0.00105616,0.00139673
7548,0.00013356,0.00199758,0.00100857,0.00138927
7636,0.00013611,0.00195036,0.00105965,0.0013706
7724,0.00012826,0.00192736,0.00096983,0.00140461
7814,0.00014053,0.00194876,0.00101582,0.00136613
7904,0.00013773,0.0019762,0.00102028,0.00140446
7996,0.0001264,0.00195654,0.00105118,0.00142484
8089,0.00013176,0.00194818,0.00099678,0.00146734
8183,0.00013915,0.00193304,0.00097511,0.00140677
8277,0.00015572,0.00222122,0.00101701,0.00143607
8373,0.00013066,0.00192432,0.0009967,0.00142528
8470,0.0001309,0.00201816,0.00097823,0.00141454
8569,0.00014025,0.001905,0.00097706,0.00141183
8668,0.00014494,0.00200692,0.00099727,0.00143907
8768,0.00013124,0.00208733,0.0009993,0.00141276
8870,0.00013132,0.00197044,0.00100087,0.00143101
8973,0.00013198,0.00192824,0.00107489,0.00138497
9077,0.00014181,0.00194611,0.00102188,0.00145986
9182,0.00013982,0.00188337,0.00104432,0.00140179
9288,0.00013558,0.00200842,0.00101893,0.00142043
9396,0.00013634,0.00199516,0.00102675,0.00141474
9505,0.000135,0.00193186,0.00103729,0.00147284
9615,0.00013752,0.00217261,0.00101547,0.00144445
9727,0.00014058,0.00205908,0.00100146,0.00153412
9839,0.0001388,0.00201431,0.00100249,0.00139505
9954,0.00013577,0.00192778,0.00097468,0.00141424
10069,0.00013899,0.00201977,0.00098253,0.00141745
10186,0.00013527,0.00194752,0.00105776,0.00140796
10304,0.00014834,0.00202974,0.00105318,0.001494
10423,0.00013809,0.00197016,0.00103893,0.00144776
10544,0.00013562,0.00192606,0.0010794,0.00145588
10666,0.00014552,0.00210123,0.00100494,0.00146597
10790,0.00015576,0.0021507,0.00106062,0.00145428
10915,0.00014957,0.00218914,0.00107129,0.00146628
11041,0.00016149,0.00226308,0.00110135,0.00149071
11169,0.00013889,0.00199406,0.0010308,0.00141986
11299,0.00013611,0.00193454,0.0010263,0.00142326
11430,0.00013748,0.00198344,0.00099432,0.00143712
11562,0.00013612,0.00199079,0.0010368,0.00146336
11696,0.00014006,0.00195186,0.00102544,0.00143107
11832,0.00014296,0.00197422,0.00098806,0.00145056
11969,0.0001415,0.00197094,0.00099304,0.00145492
12108,0.00014876,0.00200625,0.00102607,0.00141815
12248,0.00016546,0.00195867,0.00101985,0.00151524
12390,0.00013628,0.00197086,0.00104679,0.00144963
12534,0.00015415,0.00204228,0.00107637,0.00148029
12679,0.00014543,0.00210365,0.00104765,0.001481
12826,0.00014364,0.00204708,0.00103616,0.0014796
12975,0.00014011,0.00194538,0.00100428,0.00143038
13125,0.00014637,0.00205988,0.00111758,0.00148363
13277,0.00014394,0.00200199,0.00099937,0.00141005
13431,0.00014106,0.00190076,0.00098152,0.00144742
13587,0.00014113,0.00193935,0.00099269,0.00142264
13744,0.00014042,0.00204589,0.00099316,0.00148802
13904,0.00016163,0.0021233,0.00105814,0.00152887
14065,0.00015403,0.00204408,0.00105574,0.00154218
14228,0.00015188,0.0021044,0.00109758,0.00152359
14393,0.00015263,0.00203714,0.00100736,0.00149196
14560,0.00015238,0.00199174,0.00101668,0.00146227
14728,0.00017946,0.00208951,0.00102372,0.00147198
14899,0.00014772,0.00197541,0.00099345,0.00143054
15072,0.0001571,0.00192552,0.00099281,0.00143661
15246,0.00015982,0.0019465,0.00103442,0.00145475
15423,0.0001533,0.0019527,0.00101019,0.00142408
15602,0.00015032,0.0020402,0.00104448,0.00145288
15783,0.00014442,0.0019403,0.00104027,0.00144281
15966,0.00014863,0.00208216,0.00102284,0.00148784
16151,0.00015644,0.00198952,0.00102317,0.00148451
16338,0.00016106,0.0019679,0.00100825,0.00147062
16527,0.00016806,0.00197185,0.00105134,0.00146972
16719,0.00015302,0.00210531,0.00102538,0.0015073
16913,0.00016615,0.00197389,0.00102496,0.00150044
17109,0.00015449,0.00196594,0.00100662,0.00146934
17307,0.00015687,0.00198625,0.00106382,0.00146234
17508,0.00015591,0.00193961,0.00109192,0.00146437
17711,0.00014794,0.00199318,0.00101419,0.00149528
17916,0.00015131,0.00195432,0.0010608,0.00147221
18124,0.00015338,0.00194689,0.00100524,0.00153209
18334,0.00015362,0.00200997,0.00107176,0.00150122
18546,0.00015552,0.00204318,0.00104815,0.00144858
18761,0.00015659,0.00199728,0.00102616,0.00153067
18979,0.00015198,0.00191175,0.00101199,0.00143432
19199,0.00015676,0.00196668,0.00101542,0.00146475
19421,0.00015476,0.00198791,0.00104953,0.00146034
19646,0.00015299,0.00194179,0.00098796,0.00145675
19874,0.00015408,0.00192114,0.00101899,0.00148985
20104,0.00015627,0.00196822,0.00104684,0.00147887
20338,0.00016433,0.00204326,0.00107081,0.00152706
20573,0.00016801,0.0021138,0.00102996,0.00149829
20812,0.0001582,0.00193377,0.00102648,0.00149943
21053,0.00015888,0.00196836,0.00104323,0.00149956
21297,0.00016576,0.00194215,0.00106199,0.00145304
21544,0.00016306,0.00188696,0.00098842,0.00143526
21794,0.0001627,0.00196559,0.00102157,0.00151098
22046,0.00023523,0.00212266,0.0010204,0.00155781
22302,0.00018419,0.00193424,0.00099906,0.00148692
22560,0.00016334,0.00195905,0.00103167,0.00147086
22822,0.00019888,0.00202832,0.00103868,0.00155838
23086,0.00018279,0.00205319,0.00103582,0.0015471
23354,0.00015876,0.001962,0.00099188,0.00149442
23625,0.00016892,0.00199164,0.00104333,0.00151655
23898,0.00016012,0.00198324,0.00101907,0.00150424
24175,0.00016626,0.00201863,0.0010283,0.00151695
24456,0.00016723,0.00196694,0.00105063,0.00149664
24739,0.00016786,0.00200684,0.00107144,0.00149383
25026,0.00016204,0.00190279,0.00107752,0.00152518
25316,0.0001655,0.00197436,0.00102423,0.00145971
25609,0.00017464,0.00195375,0.0010433,0.00149221
25906,0.00018306,0.00206392,0.00104927,0.00149996
26207,0.00016911,0.00201036,0.00102776,0.00153256
26510,0.00017283,0.00192707,0.00099508,0.0014932
26818,0.00017622,0.00198031,0.001047,0.00153454
27128,0.00018056,0.00197484,0.00101501,0.00152804
27443,0.00017315,0.00196811,0.00105336,0.0015054
27761,0.00017582,0.00194844,0.00105846,0.00145252
28083,0.00016966,0.00197792,0.00099815,0.00147734
28408,0.00016904,0.00194562,0.00102664,0.00159003
28738,0.00018202,0.00195989,0.00108772,0.00156152
29071,0.00016916,0.00190834,0.00105652,0.00151624
29408,0.00020494,0.00199744,0.00102371,0.00152079
29749,0.00017581,0.00194401,0.00104374,0.00151404
30093,0.00018069,0.00197657,0.00103509,0.00154331
30442,0.00018736,0.00192919,0.00100387,0.00148916
30795,0.00017486,0.00197488,0.00103299,0.00150265
31152,0.00018938,0.00199016,0.00103997,0.00156209
31513,0.00017727,0.00200904,0.0010455,0.00153344
31878,0.00019428,0.00192873,0.0009977,0.00147998
32248,0.00017894,0.00199338,0.00103321,0.00153005
32622,0.00018354,0.00208046,0.00100692,0.00153532
33000,0.00018984,0.00202797,0.00101271,0.00151996
33382,0.0002063,0.0020966,0.00111892,0.00153008
33769,0.00022663,0.00207884,0.00109503,0.00151666
34161,0.000196,0.00191348,0.0010692,0.0014961
34557,0.00018014,0.0020052,0.00102503,0.00153086
34957,0.00018384,0.00206097,0.00102614,0.0015424
35362,0.00020378,0.00207988,0.00102926,0.00158686
35772,0.00022092,0.00205032,0.00103735,0.00151209
36187,0.00020106,0.00199612,0.00105666,0.00149708
36606,0.0001842,0.00201087,0.0010504,0.00148148
37031,0.00018116,0.00206705,0.00104307,0.00148756
37460,0.00020711,0.00207955,0.00102424,0.00164114
37894,0.00018972,0.0019789,0.00103909,0.00151632
38333,0.00018775,0.00195312,0.00099308,0.00151984
38778,0.00018244,0.00203803,0.00101138,0.00155468
39227,0.00020603,0.00225703,0.00106812,0.00153319
39682,0.0002055,0.00209478,0.0010488,0.00155098
40142,0.00019635,0.00201256,0.00108005,0.00154034
40607,0.0001887,0.00193997,0.00099235,0.00152395
41078,0.00019622,0.00197998,0.00103518,0.00148609
41554,0.00020866,0.00198284,0.00104632,0.00160268
42036,0.00018906,0.00210415,0.00102831,0.00156382
42523,0.00021988,0.00199269,0.00109859,0.00151072
43016,0.0002183,0.00209409,0.00103454,0.00160139
43514,0.00019466,0.00206642,0.00104734,0.00151627
44019,0.00017881,0.00199534,0.00105561,0.0015339
44529,0.00018222,0.00192902,0.00099038,0.00150579
45045,0.00018598,0.00187258,0.00099562,0.00147266
45567,0.00019173,0.00192833,0.00098686,0.00148577
46096,0.0002031,0.00200201,0.00101464,0.00153211
46630,0.0001934,0.00201633,0.00103083,0.00152854
47170,0.00018937,0.0020397,0.00102666,0.0015638
47717,0.00019842,0.00204377,0.00104696,0.00147682
48270,0.00017589,0.00194656,0.00098428,0.00149837
48830,0.00017904,0.00196751,0.00102462,0.00149428
49396,0.00018893,0.0019857,0.00105266,0.00152634
49968,0.0002008,0.00205074,0.00109873,0.00156344
50547,0.00019079,0.00204196,0.00101237,0.00158363
51133,0.00017783,0.0019461,0.0010327,0.00148695
51726,0.00018318,0.00201142,0.0010197,0.00149073
52326,0.0001936,0.00195902,0.00103792,0.00151603
52932,0.00019114,0.0019773,0.00102846,0.00151536
53546,0.00019528,0.00203896,0.00106681,0.00152682
54166,0.00019054,0.00199932,0.00102203,0.00154924
54794,0.00020319,0.00203602,0.00104826,0.00156399
55429,0.00018478,0.00194712,0.00101427,0.0015186
56072,0.00017993,0.00199602,0.00099764,0.00148425
56722,0.00021438,0.00208976,0.00102079,0.00151592
57379,0.00019683,0.00211267,0.00108196,0.00161386
58044,0.00017637,0.00188401,0.0010279,0.00148212
58717,0.00017662,0.0020422,0.00102379,0.00148474
59398,0.00019099,0.00205255,0.00104686,0.00150255
60086,0.00018957,0.00196503,0.00100684,0.00154693
60783,0.00018127,0.00199395,0.00103555,0.0015622
61487,0.00018479,0.00196354,0.0009925,0.00151645
62200,0.00018037,0.0019806,0.00102571,0.00147979
62921,0.00020502,0.00196478,0.001023,0.00157199
63650,0.00018622,0.00193064,0.00099783,0.001485
64388,0.00018379,0.00189182,0.00103536,0.00154285
65134,0.00018344,0.00193777,0.00099241,0.00154792
65889,0.00019152,0.00195381,0.00099701,0.00152991
66653,0.00017813,0.00193293,0.0010057,0.00152622
67426,0.00018499,0.00195876,0.00106347,0.00150656
68207,0.00018401,0.00198922,0.00108914,0.00156332
68998,0.0001827,0.00193482,0.00104146,0.00152454
69798,0.00019885,0.00197684,0.00103474,0.00150872
70607,0.00018306,0.00204316,0.00104672,0.00156275
71425,0.00019597,0.00195266,0.00101027,0.00151728
72253,0.00018578,0.00203592,0.00103948,0.00158134
73090,0.00018185,0.0018907,0.00102925,0.00150894
73938,0.00017827,0.00203663,0.00102102,0.00151374
74795,0.00019554,0.00203378,0.00101662,0.00151429
75662,0.00023033,0.0020871,0.00110372,0.00152968
76539,0.00020406,0.00211754,0.00104644,0.00152639
77426,0.00022136,0.00210028,0.0010184,0.00151464
78323,0.00019003,0.0019747,0.00100106,0.0015116
79231,0.00018463,0.00195433,0.00103743,0.00156811
80150,0.00021376,0.00193117,0.0010052,0.00153755
81079,0.00022621,0.00229837,0.00112043,0.00157567
82018,0.00017584,0.00189337,0.00099318,0.00147557
82969,0.00017863,0.00198013,0.0010136,0.00156922
83931,0.00018936,0.0020551,0.0010529,0.00153087
84904,0.00022089,0.00223488,0.00105222,0.00157646
85888,0.00020251,0.00212912,0.00108351,0.00153633
86883,0.0001923,0.00197205,0.00100557,0.00153063
87890,0.00019706,0.00193105,0.00101869,0.00149549
88909,0.0001846,0.00203996,0.00103463,0.00157478
89940,0.00019298,0.00203368,0.00103401,0.00150005
90982,0.00018185,0.00195259,0.00101032,0.00147849
92037,0.00018664,0.0020113,0.00103058,0.00150322
93104,0.00019483,0.00205501,0.00104138,0.00153115
94183,0.0001807,0.0020068,0.00103934,0.00152426
95275,0.00017991,0.00191069,0.00103084,0.00154772
96379,0.0001888,0.00198181,0.00103976,0.00150628
97496,0.00021595,0.00198564,0.00107281,0.00149963
98626,0.00018694,0.00199097,0.00101662,0.00154042
99769,0.000211,0.00207849,0.0010398,0.00153012
100926,0.00021405,0.00200695,0.00102595,0.0014919
102096,0.00018984,0.00205936,0.00105189,0.00155448
103279,0.0002055,0.00213693,0.00109636,0.00161758
104476,0.00018766,0.00197014,0.00099897,0.00148537
105687,0.00017879,0.00193329,0.00100955,0.00152152
106912,0.00021196,0.002103,0.0010392,0.00160302
108151,0.00020295,0.00215126,0.00105542,0.00154146
109405,0.00020386,0.00212194,0.00104691,0.00158724
110673,0.0001971,0.00207745,0.00101116,0.00154943
111956,0.00019348,0.00193698,0.00104166,0.00153662
113254,0.00018936,0.00197448,0.00102535,0.00150074
114566,0.00018308,0.00207042,0.00105676,0.00156401
115894,0.00019402,0.00195614,0.00102521,0.00155333
117238,0.00023082,0.00211871,0.00107341,0.00152733
118597,0.00019664,0.00204998,0.00104786,0.00149066
119971,0.0002005,0.00194398,0.0010272,0.00147982
121362,0.00019708,0.00201683,0.00104984,0.00155156
122769,0.00020391,0.00202283,0.00101623,0.00149444
124192,0.00020241,0.00205781,0.00100956,0.00149455
125631,0.000211,0.00214062,0.00102732,0.00152948
127087,0.00019406,0.00199549,0.00109597,0.00152306
128560,0.00019017,0.00207049,0.0010208,0.00151105
130051,0.00019591,0.00201369,0.0010107,0.00150588
131558,0.00019122,0.00210997,0.00105501,0.00153522
133083,0.00018717,0.00191484,0.00100094,0.00151518
134626,0.00018366,0.00194124,0.0010231,0.00151534
136186,0.00018682,0.00195913,0.00104481,0.00156759
137765,0.00019302,0.00201726,0.00108107,0.001535
139361,0.00018969,0.00201584,0.00102728,0.0015422
140977,0.0001944,0.00201796,0.00108462,0.0015434
142611,0.00019739,0.00210357,0.00104333,0.00150797
144264,0.00018804,0.00200578,0.00106319,0.00149741
145936,0.00019604,0.00208612,0.00105522,0.00156286
147628,0.00020736,0.0021537,0.00106764,0.00154497
149339,0.00023574,0.0024442,0.00111664,0.0015847
151070,0.00019412,0.00189485,0.00100499,0.00151913
152821,0.00022646,0.00210409,0.00103571,0.0015171
154592,0.00017762,0.00187713,0.00098805,0.00148242
156384,0.00021288,0.00214834,0.0010781,0.00179644
158197,0.00021955,0.00223436,0.00112778,0.00159386
160031,0.0001989,0.00201324,0.00103685,0.00155086
161885,0.00018709,0.00198633,0.00104575,0.00149084
163762,0.00021027,0.00208246,0.00107506,0.00149072
165660,0.00018563,0.00195374,0.00099928,0.00153866
167580,0.0001911,0.00188619,0.00099137,0.00150576
169523,0.00017237,0.00186762,0.00098924,0.00149338
171488,0.00017637,0.00190475,0.00099922,0.00152965
173475,0.0001943,0.00201157,0.00102908,0.00153743
175486,0.00017133,0.00188074,0.00098596,0.00152105
177520,0.00017754,0.00190058,0.00098577,0.0014939
179578,0.00017623,0.00189441,0.00099214,0.00147785
181659,0.00017567,0.00186506,0.00099174,0.00146274
183765,0.00017342,0.00194679,0.00101339,0.0014963
185895,0.00017732,0.00192072,0.00100472,0.00148236
188050,0.00017629,0.00190288,0.0009823,0.00152216
190230,0.00018674,0.0019715,0.00099017,0.00147939
192435,0.00019457,0.002019,0.0010003,0.00150022
194665,0.00017181,0.00191136,0.00104147,0.00148612
196922,0.00017214,0.0018687,0.00098821,0.00146995
199204,0.00018129,0.00199202,0.00099854,0.00152357
201513,0.00019414,0.00196487,0.00106836,0.00150975
203849,0.00018476,0.00203724,0.0010377,0.00149881
206212,0.00018465,0.00204686,0.00105854,0.00150136
208602,0.00018942,0.00202057,0.00100112,0.00148256
211020,0.00022018,0.00198383,0.00102304,0.00155925
213466,0.00019338,0.00202102,0.00104396,0.00154186
215940,0.00017216,0.00187635,0.0009771,0.00147773
218443,0.00017566,0.00190505,0.00099581,0.00152548
220975,0.00018709,0.0019204,0.00098516,0.00149588
223536,0.00017704,0.0018934,0.00099027,0.00148933
226128,0.0001955,0.00205296,0.00101451,0.0015347
228749,0.0001739,0.00187192,0.00099866,0.00149804
231400,0.00017291,0.00188672,0.00099039,0.00147673
234082,0.00017487,0.00186469,0.00098781,0.00148378
236796,0.000202,0.00204077,0.00100294,0.00151724
239540,0.00018649,0.00193884,0.00099803,0.00147695
242317,0.00017746,0.00188575,0.00098286,0.00147568
245126,0.00017156,0.00191718,0.00100713,0.00151803
247967,0.00018912,0.00193195,0.00100081,0.0015323
250841,0.000187,0.00192535,0.00101347,0.00148818
253749,0.00017104,0.00186743,0.00099159,0.00147014
256690,0.00017492,0.0019861,0.00100989,0.00148853
259665,0.00017103,0.00193321,0.00099965,0.0014792
262675,0.00020178,0.00209097,0.00101978,0.00156098
265720,0.00018015,0.00196453,0.0009812,0.00152322
268800,0.00017082,0.00185769,0.00098994,0.00149067
271915,0.00017597,0.00188742,0.00099713,0.00148674
275067,0.00017012,0.00193445,0.00099248,0.00148524
278255,0.00018078,0.00187571,0.00099288,0.00149521
281481,0.00017775,0.00188087,0.00099617,0.00146279
284743,0.00017592,0.00188788,0.00098956,0.00149812
288044,0.0001761,0.00188611,0.0010054,0.00148668
291383,0.00017768,0.00187835,0.00100015,0.00148769
294760,0.00019242,0.00192504,0.00100153,0.00148737
298177,0.00017454,0.00189998,0.00098534,0.00147825
301633,0.00017757,0.00191467,0.00103251,0.00149787
305129,0.0001736,0.00190422,0.0009978,0.00147732
308666,0.00017135,0.00187637,0.00099774,0.00146841
312244,0.00017628,0.00194175,0.00099985,0.00149174
315863,0.00018159,0.00193084,0.00101422,0.00150688
319524,0.00017883,0.00190928,0.00100658,0.00147321
323228,0.00017395,0.00187507,0.00100235,0.00147549
326974,0.00017356,0.00188287,0.00099512,0.00150782
330764,0.00018794,0.0019185,0.00101082,0.0015174
334598,0.00017806,0.00191616,0.00100055,0.00147663
338477,0.0001788,0.00192257,0.00098995,0.00149411
342400,0.00017596,0.00186318,0.00098816,0.00146774
346369,0.0001763,0.00187883,0.00099346,0.00149646
350384,0.00017564,0.001879,0.00100105,0.00147932
354445,0.00017897,0.00187256,0.00097563,0.00147374
358553,0.00017555,0.00192568,0.00101604,0.00148754
362710,0.00017594,0.00198732,0.00102415,0.00150908
366914,0.00017862,0.00187114,0.00098652,0.00147235
371167,0.0001755,0.00189348,0.00099959,0.00150119
375469,0.00017594,0.00197876,0.00100019,0.00148338
379821,0.00018506,0.00203491,0.00104188,0.00154589
384224,0.0001839,0.00198948,0.00100762,0.00149456
388677,0.00017092,0.00188192,0.00098937,0.00147186
393182,0.00017305,0.00190897,0.00099668,0.00150994
397740,0.00019616,0.00209766,0.00101694,0.00155621
402350,0.00018323,0.00191117,0.00099264,0.00150061
407014,0.00017104,0.0018596,0.0009851,0.0014768
411731,0.0001761,0.00195345,0.00102996,0.00153388
416504,0.00017462,0.00186542,0.00101543,0.00147011
421332,0.00018336,0.001899,0.0009928,0.00147638
426215,0.00018011,0.0019194,0.00101851,0.00147786
431156,0.000186,0.00190552,0.00102529,0.00150698
436153,0.00017678,0.00191148,0.00098804,0.00146861
441209,0.00023178,0.00198249,0.00103373,0.0015159
446323,0.00020233,0.002144,0.00105698,0.00153995
451496,0.0001921,0.00200738,0.0010335,0.00149068
456730,0.00019096,0.0019968,0.0010249,0.00154374
462024,0.00018102,0.00195194,0.00101216,0.00150432
467379,0.00018101,0.00190647,0.00103092,0.0014996
472796,0.0001838,0.00197203,0.00101241,0.00151944
478277,0.00017117,0.00190348,0.00100556,0.00149221
483820,0.00018099,0.00192507,0.00099422,0.00148972
489428,0.000181,0.00194443,0.00103096,0.00147028
495102,0.00017612,0.00186412,0.00100483,0.00146844
500840,0.00018065,0.00192513,0.00098804,0.0015153
506646,0.00018818,0.00190652,0.00102347,0.00152784
512518,0.00017667,0.0019457,0.00104277,0.00151727
518459,0.00017274,0.00187193,0.0010004,0.00150829
524468,0.00017302,0.00186518,0.00099037,0.00148422
530548,0.00018282,0.00189125,0.00100461,0.00148065
536697,0.00017109,0.00186027,0.00099465,0.00145798
542918,0.00016967,0.00187703,0.00101807,0.00154441
549211,0.00019225,0.00203296,0.001025,0.00150102
555577,0.00020172,0.00215347,0.00105162,0.00150604
562017,0.00018365,0.00202709,0.00101459,0.00151504
568531,0.00017878,0.00193894,0.00100734,0.00147014
575121,0.00018707,0.00195304,0.00100304,0.00149978
581788,0.00017308,0.00190384,0.00102329,0.00148082
588531,0.00018714,0.00199118,0.00102458,0.00152165
595353,0.00017555,0.0019035,0.00099507,0.00151695
602254,0.00017215,0.00185557,0.000993,0.00147616
609234,0.00017727,0.00187193,0.00102929,0.00147956
616296,0.00017294,0.00192621,0.00099436,0.00147363
623440,0.00017918,0.00198633,0.00100391,0.00147795
630666,0.0001721,0.00189,0.00098522,0.00152116
637976,0.00019114,0.00199451,0.00100622,0.00149618
645371,0.00017545,0.00193897,0.0009945,0.00149064
652852,0.0001764,0.00191904,0.00106366,0.00148371
660419,0.00018035,0.00194235,0.00098479,0.0014909
668074,0.00017524,0.00191089,0.00099141,0.0014852
675818,0.00017811,0.00190563,0.00099688,0.00152409
683651,0.00018024,0.00200642,0.00104465,0.00150969
691575,0.00018372,0.0019218,0.00100686,0.00147959
699592,0.00017437,0.00189946,0.00100495,0.00147552
707701,0.00017401,0.00193673,0.00100249,0.0015153
715904,0.00018201,0.00189256,0.00098904,0.00152987
724202,0.00017764,0.00189995,0.001021,0.00148654
732596,0.00017194,0.00190188,0.00098968,0.00148783
741088,0.0001758,0.00189501,0.00100847,0.00152508
749678,0.00017165,0.00187474,0.00101869,0.00147048
758367,0.00017201,0.00190712,0.00100292,0.00147771
767158,0.0001868,0.00213526,0.00102066,0.00150576
776050,0.00017855,0.00188537,0.00101861,0.00147338
785045,0.00017788,0.00186161,0.00099466,0.00154514
794145,0.00017602,0.00192074,0.00099672,0.00159538
803350,0.00018056,0.00187132,0.00099512,0.00147876
812661,0.00017124,0.00194644,0.00101386,0.00149575
822081,0.00017939,0.00191002,0.00098597,0.00148646
831610,0.00021861,0.00205956,0.0009992,0.00152999
841249,0.00017148,0.00196767,0.0010861,0.00154108
851000,0.00018688,0.00198149,0.00103318,0.00149196
860864,0.00017444,0.00196706,0.00100612,0.00149371
870843,0.00018889,0.00192688,0.00100039,0.00149682
880937,0.00017382,0.00188483,0.00099753,0.0014733
891148,0.00017844,0.0018935,0.00098633,0.00148153
901477,0.00017714,0.00191994,0.00098961,0.0015409
911926,0.00017163,0.00199298,0.00099829,0.00152256
922497,0.00018263,0.00201176,0.00103743,0.0015062
933189,0.00018172,0.00185595,0.0009902,0.00147804
944006,0.00017973,0.00192247,0.00100286,0.00150474
954948,0.00017581,0.00189154,0.00099138,0.00152879
966017,0.00017425,0.00190794,0.00101148,0.001461
977214,0.00017429,0.00187005,0.00099918,0.00146293
988541,0.00020606,0.00209168,0.00103511,0.00149054
999999,0.00018576,0.00196407,0.00100987,0.00153892
